"230_2019-11-13-143129-right.jpg", 1
"472_2019-11-13-151156left.jpg", 2
"204_2019-11-13-142104left.jpg", 2
"65_2019-11-13-144932_right.jpg", 1
"894_2019-11-13-151156left.jpg", 2
"215_2019-11-13-144932_right.jpg", 1
"899_2019-11-13-151156left.jpg", 2
"31_2019-11-13-151053right.jpg", 1
"742_2019-11-13-151156left.jpg", 2
"122_2019-11-13-145021_left.jpg", 2
"123_2019-11-13-145021_left.jpg", 2
"740_2019-11-13-151156left.jpg", 2
"132_2019-11-13-143940-left.jpg", 2
"10_2019-11-13-145021_left.jpg", 2
"865_2019-11-13-151156left.jpg", 2
"8_2019-11-13-142121center.jpg", 3
"63_2019-11-13-151326center.jpg", 3
"418_2019-11-13-151326center.jpg", 3
"693_2019-11-13-151156left.jpg", 2
"73_2019-11-13-144932_right.jpg", 1
"337_2019-11-13-151053right.jpg", 1
"720_2019-11-13-151156left.jpg", 2
"252_2019-11-13-144932_right.jpg", 1
"234_2019-11-13-143129-right.jpg", 1
"17_2019-11-13-145021_left.jpg", 2
"130_2019-11-13-145021_left.jpg", 2
"256_2019-11-13-143129-right.jpg", 1
"202_2019-11-13-144036-right.jpg", 1
"237_2019-11-13-151156left.jpg", 2
"130_2019-11-13-143940-left.jpg", 2
"427_2019-11-13-151326center.jpg", 3
"75_2019-11-13-143940-left.jpg", 2
"633_2019-11-13-151053right.jpg", 1
"187_2019-11-13-151326center.jpg", 3
"177_2019-11-13-142104left.jpg", 2
"300_2019-11-13-143129-right.jpg", 1
"186_2019-11-13-144036-right.jpg", 1
"91_2019-11-13-151156left.jpg", 2
"176_2019-11-13-151326center.jpg", 3
"208_2019-11-13-144036-right.jpg", 1
"673_2019-11-13-151156left.jpg", 2
"5_2019-11-13-142121center.jpg", 3
"132_2019-11-13-145102_centre.jpg", 3
"706_2019-11-13-151156left.jpg", 2
"73_2019-11-13-145021_left.jpg", 2
"61_2019-11-13-144036-right.jpg", 1
"2_2019-11-13-144036-right.jpg", 1
"33_2019-11-13-151156left.jpg", 2
"258_2019-11-13-143129-right.jpg", 1
"37_2019-11-13-144932_right.jpg", 1
"109_2019-11-13-143129-right.jpg", 1
"199_2019-11-13-144036-right.jpg", 1
"137_2019-11-13-143129-right.jpg", 1
"7_2019-11-13-145102_centre.jpg", 3
"919_2019-11-13-151156left.jpg", 2
"191_2019-11-13-145021_left.jpg", 2
"492_2019-11-13-151156left.jpg", 2
"831_2019-11-13-151156left.jpg", 2
"88_2019-11-13-144932_right.jpg", 1
"725_2019-11-13-151156left.jpg", 2
"8_2019-11-13-142104left.jpg", 2
"106_2019-11-13-151053right.jpg", 1
"546_2019-11-13-151326center.jpg", 3
"133_2019-11-13-143940-left.jpg", 2
"478_2019-11-13-151326center.jpg", 3
"331_2019-11-13-143129-right.jpg", 1
"714_2019-11-13-151156left.jpg", 2
"226_2019-11-13-151326center.jpg", 3
"232_2019-11-13-143129-right.jpg", 1
"283_2019-11-13-151156left.jpg", 2
"31_2019-11-13-142104left.jpg", 2
"420_2019-11-13-151326center.jpg", 3
"192_2019-11-13-142104left.jpg", 2
"82_2019-11-13-143940-left.jpg", 2
"464_2019-11-13-151326center.jpg", 3
"62_2019-11-13-142104left.jpg", 2
"150_2019-11-13-145021_left.jpg", 2
"694_2019-11-13-151156left.jpg", 2
"40_2019-11-13-142121center.jpg", 3
"451_2019-11-13-151326center.jpg", 3
"180_2019-11-13-144036-right.jpg", 1
"375_2019-11-13-151326center.jpg", 3
"266_2019-11-13-143129-right.jpg", 1
"362_2019-11-13-143129-right.jpg", 1
"205_2019-11-13-151053right.jpg", 1
"528_2019-11-13-151053right.jpg", 1
"193_2019-11-13-145021_left.jpg", 2
"258_2019-11-13-142104left.jpg", 2
"278_2019-11-13-151156left.jpg", 2
"150_2019-11-13-143940-left.jpg", 2
"11_2019-11-13-145021_left.jpg", 2
"206_2019-11-13-151053right.jpg", 1
"47_2019-11-13-145021_left.jpg", 2
"269_2019-11-13-151156left.jpg", 2
"117_2019-11-13-151053right.jpg", 1
"695_2019-11-13-151156left.jpg", 2
"172_2019-11-13-151326center.jpg", 3
"4_2019-11-13-142121center.jpg", 3
"397_2019-11-13-143129-right.jpg", 1
"57_2019-11-13-145021_left.jpg", 2
"161_2019-11-13-144036-right.jpg", 1
"533_2019-11-13-151053right.jpg", 1
"213_2019-11-13-144932_right.jpg", 1
"291_2019-11-13-143940-left.jpg", 2
"180_2019-11-13-151326center.jpg", 3
"241_2019-11-13-151156left.jpg", 2
"488_2019-11-13-151156left.jpg", 2
"544_2019-11-13-151053right.jpg", 1
"263_2019-11-13-143129-right.jpg", 1
"254_2019-11-13-143940-left.jpg", 2
"60_2019-11-13-142104left.jpg", 2
"174_2019-11-13-151326center.jpg", 3
"21_2019-11-13-151156left.jpg", 2
"179_2019-11-13-142104left.jpg", 2
"856_2019-11-13-151156left.jpg", 2
"143_2019-11-13-142104left.jpg", 2
"277_2019-11-13-151156left.jpg", 2
"567_2019-11-13-151053right.jpg", 1
"49_2019-11-13-144932_right.jpg", 1
"90_2019-11-13-144932_right.jpg", 1
"860_2019-11-13-151156left.jpg", 2
"14_2019-11-13-142104left.jpg", 2
"304_2019-11-13-151156left.jpg", 2
"306_2019-11-13-143940-left.jpg", 2
"198_2019-11-13-142104left.jpg", 2
"44_2019-11-13-151156left.jpg", 2
"491_2019-11-13-151326center.jpg", 3
"551_2019-11-13-151053right.jpg", 1
"125_2019-11-13-145102_centre.jpg", 3
"29_2019-11-13-143129-right.jpg", 1
"393_2019-11-13-143129-right.jpg", 1
"439_2019-11-13-151326center.jpg", 3
"210_2019-11-13-144036-right.jpg", 1
"562_2019-11-13-151053right.jpg", 1
"175_2019-11-13-142104left.jpg", 2
"144_2019-11-13-142104left.jpg", 2
"114_2019-11-13-143129-right.jpg", 1
"272_2019-11-13-151156left.jpg", 2
"193_2019-11-13-144036-right.jpg", 1
"753_2019-11-13-151156left.jpg", 2
"42_2019-11-13-145021_left.jpg", 2
"202_2019-11-13-144932_right.jpg", 1
"647_2019-11-13-151053right.jpg", 1
"237_2019-11-13-143129-right.jpg", 1
"66_2019-11-13-151053right.jpg", 1
"840_2019-11-13-151156left.jpg", 2
"175_2019-11-13-151326center.jpg", 3
"282_2019-11-13-143129-right.jpg", 1
"665_2019-11-13-151053right.jpg", 1
"477_2019-11-13-151326center.jpg", 3
"690_2019-11-13-151156left.jpg", 2
"198_2019-11-13-144036-right.jpg", 1
"155_2019-11-13-145021_left.jpg", 2
"287_2019-11-13-143129-right.jpg", 1
"310_2019-11-13-151326center.jpg", 3
"17_2019-11-13-143129-right.jpg", 1
"404_2019-11-13-151326center.jpg", 3
"538_2019-11-13-151053right.jpg", 1
"134_2019-11-13-145021_left.jpg", 2
"849_2019-11-13-151156left.jpg", 2
"15_2019-11-13-142104left.jpg", 2
"139_2019-11-13-143940-left.jpg", 2
"189_2019-11-13-142104left.jpg", 2
"195_2019-11-13-145021_left.jpg", 2
"550_2019-11-13-151053right.jpg", 1
"114_2019-11-13-143940-left.jpg", 2
"60_2019-11-13-143129-right.jpg", 1
"265_2019-11-13-143129-right.jpg", 1
"281_2019-11-13-151156left.jpg", 2
"642_2019-11-13-151053right.jpg", 1
"34_2019-11-13-151326center.jpg", 3
"447_2019-11-13-151326center.jpg", 3
"185_2019-11-13-151326center.jpg", 3
"224_2019-11-13-151326center.jpg", 3
"315_2019-11-13-144932_right.jpg", 1
"55_2019-11-13-144036-right.jpg", 1
"530_2019-11-13-151053right.jpg", 1
"162_2019-11-13-144932_right.jpg", 1
"71_2019-11-13-144932_right.jpg", 1
"713_2019-11-13-151156left.jpg", 2
"556_2019-11-13-151326center.jpg", 3
"425_2019-11-13-151326center.jpg", 3
"846_2019-11-13-151156left.jpg", 2
"67_2019-11-13-151326center.jpg", 3
"563_2019-11-13-151326center.jpg", 3
"138_2019-11-13-145021_left.jpg", 2
"144_2019-11-13-143940-left.jpg", 2
"137_2019-11-13-145021_left.jpg", 2
"53_2019-11-13-145021_left.jpg", 2
"303_2019-11-13-151156left.jpg", 2
"167_2019-11-13-144932_right.jpg", 1
"271_2019-11-13-144932_right.jpg", 1
"299_2019-11-13-143940-left.jpg", 2
"102_2019-11-13-145021_left.jpg", 2
"43_2019-11-13-145021_left.jpg", 2
"891_2019-11-13-151156left.jpg", 2
"383_2019-11-13-151326center.jpg", 3
"153_2019-11-13-144036-right.jpg", 1
"510_2019-11-13-144932_right.jpg", 1
"307_2019-11-13-151156left.jpg", 2
"224_2019-11-13-143940-left.jpg", 2
"145_2019-11-13-143940-left.jpg", 2
"236_2019-11-13-151156left.jpg", 2
"691_2019-11-13-151156left.jpg", 2
"79_2019-11-13-143940-left.jpg", 2
"292_2019-11-13-143129-right.jpg", 1
"18_2019-11-13-142104left.jpg", 2
"107_2019-11-13-143129-right.jpg", 1
"688_2019-11-13-151156left.jpg", 2
"256_2019-11-13-144932_right.jpg", 1
"224_2019-11-13-142104left.jpg", 2
"276_2019-11-13-143129-right.jpg", 1
"288_2019-11-13-151326center.jpg", 3
"156_2019-11-13-145021_left.jpg", 2
"392_2019-11-13-151326center.jpg", 3
"220_2019-11-13-144036-right.jpg", 1
"675_2019-11-13-151156left.jpg", 2
"415_2019-11-13-143129-right.jpg", 1
"335_2019-11-13-151053right.jpg", 1
"246_2019-11-13-142104left.jpg", 2
"47_2019-11-13-151326center.jpg", 3
"45_2019-11-13-144932_right.jpg", 1
"837_2019-11-13-151156left.jpg", 2
"496_2019-11-13-151326center.jpg", 3
"150_2019-11-13-143129-right.jpg", 1
"436_2019-11-13-151326center.jpg", 3
"625_2019-11-13-151053right.jpg", 1
"231_2019-11-13-143129-right.jpg", 1
"259_2019-11-13-143129-right.jpg", 1
"123_2019-11-13-143940-left.jpg", 2
"33_2019-11-13-144036-right.jpg", 1
"332_2019-11-13-143129-right.jpg", 1
"300_2019-11-13-151156left.jpg", 2
"243_2019-11-13-151326center.jpg", 3
"261_2019-11-13-143940-left.jpg", 2
"869_2019-11-13-151156left.jpg", 2
"296_2019-11-13-144932_right.jpg", 1
"117_2019-11-13-142104left.jpg", 2
"48_2019-11-13-144932_right.jpg", 1
"32_2019-11-13-151326center.jpg", 3
"670_2019-11-13-151156left.jpg", 2
"199_2019-11-13-151326center.jpg", 3
"101_2019-11-13-145021_left.jpg", 2
"716_2019-11-13-151156left.jpg", 2
"271_2019-11-13-143129-right.jpg", 1
"39_2019-11-13-151156left.jpg", 2
"112_2019-11-13-142104left.jpg", 2
"107_2019-11-13-142104left.jpg", 2
"127_2019-11-13-143940-left.jpg", 2
"249_2019-11-13-142104left.jpg", 2
"151_2019-11-13-143129-right.jpg", 1
"204_2019-11-13-151053right.jpg", 1
"242_2019-11-13-142104left.jpg", 2
"14_2019-11-13-144932_right.jpg", 1
"68_2019-11-13-145021_left.jpg", 2
"237_2019-11-13-151326center.jpg", 3
"151_2019-11-13-144036-right.jpg", 1
"83_2019-11-13-144932_right.jpg", 1
"244_2019-11-13-143940-left.jpg", 2
"301_2019-11-13-143129-right.jpg", 1
"233_2019-11-13-143129-right.jpg", 1
"23_2019-11-13-151053right.jpg", 1
"423_2019-11-13-151326center.jpg", 3
"35_2019-11-13-144036-right.jpg", 1
"59_2019-11-13-143940-left.jpg", 2
"57_2019-11-13-143129-right.jpg", 1
"637_2019-11-13-151053right.jpg", 1
"33_2019-11-13-143129-right.jpg", 1
"301_2019-11-13-151156left.jpg", 2
"484_2019-11-13-151326center.jpg", 3
"727_2019-11-13-151156left.jpg", 2
"498_2019-11-13-151326center.jpg", 3
"656_2019-11-13-151053right.jpg", 1
"373_2019-11-13-151326center.jpg", 3
"63_2019-11-13-142121center.jpg", 3
"244_2019-11-13-142104left.jpg", 2
"907_2019-11-13-151156left.jpg", 2
"32_2019-11-13-145021_left.jpg", 2
"282_2019-11-13-151156left.jpg", 2
"432_2019-11-13-151326center.jpg", 3
"889_2019-11-13-151156left.jpg", 2
"771_2019-11-13-151156left.jpg", 2
"63_2019-11-13-144932_right.jpg", 1
"51_2019-11-13-143129-right.jpg", 1
"643_2019-11-13-151053right.jpg", 1
"295_2019-11-13-151326center.jpg", 3
"697_2019-11-13-151156left.jpg", 2
"567_2019-11-13-151326center.jpg", 3
"103_2019-11-13-143940-left.jpg", 2
"251_2019-11-13-142104left.jpg", 2
"40_2019-11-13-144932_right.jpg", 1
"51_2019-11-13-144932_right.jpg", 1
"56_2019-11-13-145021_left.jpg", 2
"218_2019-11-13-144036-right.jpg", 1
"743_2019-11-13-151156left.jpg", 2
"828_2019-11-13-151156left.jpg", 2
"30_2019-11-13-151326center.jpg", 3
"682_2019-11-13-151156left.jpg", 2
"565_2019-11-13-151053right.jpg", 1
"21_2019-11-13-142121center.jpg", 3
"873_2019-11-13-151156left.jpg", 2
"442_2019-11-13-151326center.jpg", 3
"5_2019-11-13-142104left.jpg", 2
"222_2019-11-13-143940-left.jpg", 2
"334_2019-11-13-151053right.jpg", 1
"12_2019-11-13-142104left.jpg", 2
"152_2019-11-13-144036-right.jpg", 1
"369_2019-11-13-151326center.jpg", 3
"369_2019-11-13-143129-right.jpg", 1
"206_2019-11-13-144932_right.jpg", 1
"896_2019-11-13-151156left.jpg", 2
"129_2019-11-13-145102_centre.jpg", 3
"909_2019-11-13-151156left.jpg", 2
"116_2019-11-13-143940-left.jpg", 2
"374_2019-11-13-151326center.jpg", 3
"877_2019-11-13-151156left.jpg", 2
"890_2019-11-13-151156left.jpg", 2
"152_2019-11-13-143129-right.jpg", 1
"250_2019-11-13-143940-left.jpg", 2
"638_2019-11-13-151053right.jpg", 1
"302_2019-11-13-142104left.jpg", 2
"89_2019-11-13-144932_right.jpg", 1
"6_2019-11-13-142104left.jpg", 2
"475_2019-11-13-151326center.jpg", 3
"407_2019-11-13-151326center.jpg", 3
"311_2019-11-13-151156left.jpg", 2
"245_2019-11-13-151326center.jpg", 3
"13_2019-11-13-144932_right.jpg", 1
"13_2019-11-13-145021_left.jpg", 2
"112_2019-11-13-143129-right.jpg", 1
"885_2019-11-13-151156left.jpg", 2
"474_2019-11-13-151326center.jpg", 3
"76_2019-11-13-144932_right.jpg", 1
"421_2019-11-13-143129-right.jpg", 1
"363_2019-11-13-143129-right.jpg", 1
"474_2019-11-13-151156left.jpg", 2
"119_2019-11-13-142104left.jpg", 2
"261_2019-11-13-143129-right.jpg", 1
"58_2019-11-13-142121center.jpg", 3
"18_2019-11-13-142121center.jpg", 3
"645_2019-11-13-151053right.jpg", 1
"281_2019-11-13-151326center.jpg", 3
"138_2019-11-13-142104left.jpg", 2
"256_2019-11-13-142104left.jpg", 2
"129_2019-11-13-142104left.jpg", 2
"629_2019-11-13-151053right.jpg", 1
"26_2019-11-13-151053right.jpg", 1
"19_2019-11-13-142121center.jpg", 3
"247_2019-11-13-151326center.jpg", 3
"15_2019-11-13-145021_left.jpg", 2
"34_2019-11-13-145021_left.jpg", 2
"184_2019-11-13-144036-right.jpg", 1
"566_2019-11-13-151326center.jpg", 3
"416_2019-11-13-151326center.jpg", 3
"758_2019-11-13-151156left.jpg", 2
"428_2019-11-13-151326center.jpg", 3
"310_2019-11-13-151156left.jpg", 2
"62_2019-11-13-144036-right.jpg", 1
"60_2019-11-13-142121center.jpg", 3
"829_2019-11-13-151156left.jpg", 2
"874_2019-11-13-151156left.jpg", 2
"127_2019-11-13-145102_centre.jpg", 3
"302_2019-11-13-144036-right.jpg", 1
"6_2019-11-13-145021_left.jpg", 2
"285_2019-11-13-151156left.jpg", 2
"871_2019-11-13-151156left.jpg", 2
"61_2019-11-13-142121center.jpg", 3
"77_2019-11-13-145021_left.jpg", 2
"127_2019-11-13-142104left.jpg", 2
"333_2019-11-13-143129-right.jpg", 1
"305_2019-11-13-151156left.jpg", 2
"283_2019-11-13-151326center.jpg", 3
"72_2019-11-13-145021_left.jpg", 2
"367_2019-11-13-143129-right.jpg", 1
"96_2019-11-13-145021_left.jpg", 2
"16_2019-11-13-145021_left.jpg", 2
"48_2019-11-13-145021_left.jpg", 2
"58_2019-11-13-144036-right.jpg", 1
"80_2019-11-13-151053right.jpg", 1
"15_2019-11-13-151156left.jpg", 2
"288_2019-11-13-151156left.jpg", 2
"219_2019-11-13-151326center.jpg", 3
"304_2019-11-13-143129-right.jpg", 1
"391_2019-11-13-151326center.jpg", 3
"696_2019-11-13-151156left.jpg", 2
"33_2019-11-13-145021_left.jpg", 2
"131_2019-11-13-142104left.jpg", 2
"36_2019-11-13-151326center.jpg", 3
"64_2019-11-13-151326center.jpg", 3
"376_2019-11-13-151326center.jpg", 3
"38_2019-11-13-151156left.jpg", 2
"28_2019-11-13-142121center.jpg", 3
"476_2019-11-13-151156left.jpg", 2
"218_2019-11-13-143940-left.jpg", 2
"644_2019-11-13-151053right.jpg", 1
"636_2019-11-13-151053right.jpg", 1
"54_2019-11-13-142121center.jpg", 3
"195_2019-11-13-143129-right.jpg", 1
"250_2019-11-13-142104left.jpg", 2
"409_2019-11-13-151326center.jpg", 3
"239_2019-11-13-151156left.jpg", 2
"68_2019-11-13-144932_right.jpg", 1
"140_2019-11-13-142104left.jpg", 2
"547_2019-11-13-151053right.jpg", 1
"79_2019-11-13-144932_right.jpg", 1
"70_2019-11-13-151053right.jpg", 1
"734_2019-11-13-151156left.jpg", 2
"866_2019-11-13-151156left.jpg", 2
"208_2019-11-13-151326center.jpg", 3
"293_2019-11-13-151156left.jpg", 2
"257_2019-11-13-143129-right.jpg", 1
"429_2019-11-13-151326center.jpg", 3
"657_2019-11-13-151053right.jpg", 1
"201_2019-11-13-151326center.jpg", 3
"274_2019-11-13-144932_right.jpg", 1
"63_2019-11-13-145021_left.jpg", 2
"31_2019-11-13-145021_left.jpg", 2
"283_2019-11-13-143129-right.jpg", 1
"467_2019-11-13-151326center.jpg", 3
"715_2019-11-13-151156left.jpg", 2
"271_2019-11-13-151156left.jpg", 2
"655_2019-11-13-151053right.jpg", 1
"141_2019-11-13-142104left.jpg", 2
"258_2019-11-13-144932_right.jpg", 1
"628_2019-11-13-151053right.jpg", 1
"61_2019-11-13-143129-right.jpg", 1
"711_2019-11-13-151156left.jpg", 2
"294_2019-11-13-151156left.jpg", 2
"69_2019-11-13-145021_left.jpg", 2
"680_2019-11-13-151156left.jpg", 2
"317_2019-11-13-151326center.jpg", 3
"58_2019-11-13-143940-left.jpg", 2
"78_2019-11-13-145021_left.jpg", 2
"113_2019-11-13-143129-right.jpg", 1
"733_2019-11-13-151156left.jpg", 2
"254_2019-11-13-142104left.jpg", 2
"128_2019-11-13-142104left.jpg", 2
"53_2019-11-13-143129-right.jpg", 1
"120_2019-11-13-142104left.jpg", 2
"465_2019-11-13-151156left.jpg", 2
"22_2019-11-13-142104left.jpg", 2
"65_2019-11-13-151326center.jpg", 3
"37_2019-11-13-151053right.jpg", 1
"42_2019-11-13-151053right.jpg", 1
"444_2019-11-13-151156left.jpg", 2
"135_2019-11-13-144036-right.jpg", 1
"51_2019-11-13-145021_left.jpg", 2
"174_2019-11-13-142104left.jpg", 2
"289_2019-11-13-151053right.jpg", 1
"396_2019-11-13-151326center.jpg", 3
"476_2019-11-13-151326center.jpg", 3
"24_2019-11-13-151053right.jpg", 1
"277_2019-11-13-144932_right.jpg", 1
"147_2019-11-13-143940-left.jpg", 2
"258_2019-11-13-143940-left.jpg", 2
"452_2019-11-13-151326center.jpg", 3
"238_2019-11-13-151053right.jpg", 1
"16_2019-11-13-142104left.jpg", 2
"284_2019-11-13-151326center.jpg", 3
"196_2019-11-13-142104left.jpg", 2
"314_2019-11-13-151326center.jpg", 3
"572_2019-11-13-151053right.jpg", 1
"490_2019-11-13-151326center.jpg", 3
"307_2019-11-13-143940-left.jpg", 2
"150_2019-11-13-144036-right.jpg", 1
"914_2019-11-13-151156left.jpg", 2
"15_2019-11-13-143129-right.jpg", 1
"554_2019-11-13-151326center.jpg", 3
"211_2019-11-13-151326center.jpg", 3
"38_2019-11-13-145102_centre.jpg", 3
"652_2019-11-13-151053right.jpg", 1
"623_2019-11-13-151053right.jpg", 1
"544_2019-11-13-151326center.jpg", 3
"29_2019-11-13-151156left.jpg", 2
"216_2019-11-13-143940-left.jpg", 2
"582_2019-11-13-151053right.jpg", 1
"416_2019-11-13-143129-right.jpg", 1
"473_2019-11-13-151326center.jpg", 3
"591_2019-11-13-151053right.jpg", 1
"413_2019-11-13-151326center.jpg", 3
"81_2019-11-13-151156left.jpg", 2
"155_2019-11-13-144932_right.jpg", 1
"260_2019-11-13-143129-right.jpg", 1
"641_2019-11-13-151053right.jpg", 1
"105_2019-11-13-143129-right.jpg", 1
"222_2019-11-13-151326center.jpg", 3
"151_2019-11-13-145021_left.jpg", 2
"177_2019-11-13-151326center.jpg", 3
"640_2019-11-13-151053right.jpg", 1
"9_2019-11-13-145102_centre.jpg", 3
"123_2019-11-13-145102_centre.jpg", 3
"26_2019-11-13-142121center.jpg", 3
"287_2019-11-13-143940-left.jpg", 2
"116_2019-11-13-143129-right.jpg", 1
"166_2019-11-13-144932_right.jpg", 1
"671_2019-11-13-151156left.jpg", 2
"122_2019-11-13-151053right.jpg", 1
"4_2019-11-13-144036-right.jpg", 1
"76_2019-11-13-151053right.jpg", 1
"552_2019-11-13-151326center.jpg", 3
"121_2019-11-13-143940-left.jpg", 2
"39_2019-11-13-145021_left.jpg", 2
"190_2019-11-13-144036-right.jpg", 1
"214_2019-11-13-144036-right.jpg", 1
"255_2019-11-13-143940-left.jpg", 2
"183_2019-11-13-142104left.jpg", 2
"500_2019-11-13-151326center.jpg", 3
"661_2019-11-13-151053right.jpg", 1
"552_2019-11-13-151053right.jpg", 1
"334_2019-11-13-143129-right.jpg", 1
"752_2019-11-13-151156left.jpg", 2
"274_2019-11-13-143129-right.jpg", 1
"766_2019-11-13-151156left.jpg", 2
"27_2019-11-13-151053right.jpg", 1
"46_2019-11-13-145021_left.jpg", 2
"97_2019-11-13-145021_left.jpg", 2
"229_2019-11-13-151326center.jpg", 3
"838_2019-11-13-151156left.jpg", 2
"911_2019-11-13-151156left.jpg", 2
"35_2019-11-13-151053right.jpg", 1
"84_2019-11-13-144932_right.jpg", 1
"400_2019-11-13-151326center.jpg", 3
"136_2019-11-13-145102_centre.jpg", 3
"200_2019-11-13-142104left.jpg", 2
"317_2019-11-13-144932_right.jpg", 1
"43_2019-11-13-151053right.jpg", 1
"288_2019-11-13-143940-left.jpg", 2
"42_2019-11-13-142121center.jpg", 3
"118_2019-11-13-142104left.jpg", 2
"56_2019-11-13-144036-right.jpg", 1
"757_2019-11-13-151156left.jpg", 2
"755_2019-11-13-151156left.jpg", 2
"117_2019-11-13-143940-left.jpg", 2
"164_2019-11-13-144932_right.jpg", 1
"56_2019-11-13-142121center.jpg", 3
"502_2019-11-13-151326center.jpg", 3
"275_2019-11-13-151156left.jpg", 2
"200_2019-11-13-151326center.jpg", 3
"68_2019-11-13-151053right.jpg", 1
"543_2019-11-13-151053right.jpg", 1
"179_2019-11-13-151326center.jpg", 3
"660_2019-11-13-151053right.jpg", 1
"908_2019-11-13-151156left.jpg", 2
"53_2019-11-13-144036-right.jpg", 1
"111_2019-11-13-142104left.jpg", 2
"64_2019-11-13-143940-left.jpg", 2
"170_2019-11-13-142104left.jpg", 2
"670_2019-11-13-151053right.jpg", 1
"504_2019-11-13-151326center.jpg", 3
"536_2019-11-13-151053right.jpg", 1
"761_2019-11-13-151156left.jpg", 2
"191_2019-11-13-151326center.jpg", 3
"535_2019-11-13-151053right.jpg", 1
"50_2019-11-13-144036-right.jpg", 1
"289_2019-11-13-143940-left.jpg", 2
"236_2019-11-13-151326center.jpg", 3
"841_2019-11-13-151156left.jpg", 2
"184_2019-11-13-142104left.jpg", 2
"218_2019-11-13-151326center.jpg", 3
"110_2019-11-13-143129-right.jpg", 1
"385_2019-11-13-151326center.jpg", 3
"737_2019-11-13-151156left.jpg", 2
"900_2019-11-13-151156left.jpg", 2
"39_2019-11-13-144932_right.jpg", 1
"303_2019-11-13-143940-left.jpg", 2
"762_2019-11-13-151156left.jpg", 2
"113_2019-11-13-142104left.jpg", 2
"466_2019-11-13-151156left.jpg", 2
"57_2019-11-13-145102_centre.jpg", 3
"142_2019-11-13-142104left.jpg", 2
"370_2019-11-13-143129-right.jpg", 1
"222_2019-11-13-144036-right.jpg", 1
"45_2019-11-13-145102_centre.jpg", 3
"189_2019-11-13-144036-right.jpg", 1
"848_2019-11-13-151156left.jpg", 2
"192_2019-11-13-143129-right.jpg", 1
"194_2019-11-13-144932_right.jpg", 1
"704_2019-11-13-151156left.jpg", 2
"503_2019-11-13-151326center.jpg", 3
"545_2019-11-13-151326center.jpg", 3
"525_2019-11-13-151053right.jpg", 1
"548_2019-11-13-151053right.jpg", 1
"44_2019-11-13-144932_right.jpg", 1
"296_2019-11-13-151156left.jpg", 2
"410_2019-11-13-151326center.jpg", 3
"225_2019-11-13-151326center.jpg", 3
"80_2019-11-13-145021_left.jpg", 2
"58_2019-11-13-143129-right.jpg", 1
"526_2019-11-13-151053right.jpg", 1
"393_2019-11-13-151326center.jpg", 3
"115_2019-11-13-143940-left.jpg", 2
"495_2019-11-13-151156left.jpg", 2
"77_2019-11-13-151053right.jpg", 1
"431_2019-11-13-151326center.jpg", 3
"481_2019-11-13-151326center.jpg", 3
"81_2019-11-13-145021_left.jpg", 2
"724_2019-11-13-151156left.jpg", 2
"566_2019-11-13-151053right.jpg", 1
"289_2019-11-13-151326center.jpg", 3
"192_2019-11-13-145021_left.jpg", 2
"165_2019-11-13-144932_right.jpg", 1
"189_2019-11-13-151326center.jpg", 3
"256_2019-11-13-143940-left.jpg", 2
"39_2019-11-13-151053right.jpg", 1
"286_2019-11-13-143129-right.jpg", 1
"67_2019-11-13-151053right.jpg", 1
"883_2019-11-13-151156left.jpg", 2
"77_2019-11-13-143940-left.jpg", 2
"38_2019-11-13-151053right.jpg", 1
"157_2019-11-13-145021_left.jpg", 2
"197_2019-11-13-145021_left.jpg", 2
"658_2019-11-13-151053right.jpg", 1
"71_2019-11-13-143940-left.jpg", 2
"366_2019-11-13-143129-right.jpg", 1
"130_2019-11-13-142104left.jpg", 2
"468_2019-11-13-151326center.jpg", 3
"240_2019-11-13-142104left.jpg", 2
"215_2019-11-13-151326center.jpg", 3
"99_2019-11-13-145021_left.jpg", 2
"146_2019-11-13-142104left.jpg", 2
"878_2019-11-13-151156left.jpg", 2
"547_2019-11-13-151326center.jpg", 3
"912_2019-11-13-151156left.jpg", 2
"495_2019-11-13-151326center.jpg", 3
"32_2019-11-13-144036-right.jpg", 1
"204_2019-11-13-151326center.jpg", 3
"441_2019-11-13-151326center.jpg", 3
"471_2019-11-13-151156left.jpg", 2
"207_2019-11-13-151053right.jpg", 1
"887_2019-11-13-151156left.jpg", 2
"17_2019-11-13-151156left.jpg", 2
"27_2019-11-13-142104left.jpg", 2
"246_2019-11-13-143940-left.jpg", 2
"36_2019-11-13-145021_left.jpg", 2
"252_2019-11-13-142104left.jpg", 2
"246_2019-11-13-151326center.jpg", 3
"28_2019-11-13-142104left.jpg", 2
"765_2019-11-13-151156left.jpg", 2
"457_2019-11-13-151326center.jpg", 3
"207_2019-11-13-151326center.jpg", 3
"274_2019-11-13-151156left.jpg", 2
"299_2019-11-13-143129-right.jpg", 1
"33_2019-11-13-151326center.jpg", 3
"549_2019-11-13-151326center.jpg", 3
"11_2019-11-13-144036-right.jpg", 1
"86_2019-11-13-144932_right.jpg", 1
"183_2019-11-13-144036-right.jpg", 1
"40_2019-11-13-142104left.jpg", 2
"19_2019-11-13-143940-left.jpg", 2
"193_2019-11-13-144932_right.jpg", 1
"300_2019-11-13-151326center.jpg", 3
"191_2019-11-13-144036-right.jpg", 1
"113_2019-11-13-143940-left.jpg", 2
"537_2019-11-13-151053right.jpg", 1
"121_2019-11-13-145021_left.jpg", 2
"286_2019-11-13-151326center.jpg", 3
"876_2019-11-13-151156left.jpg", 2
"768_2019-11-13-151156left.jpg", 2
"57_2019-11-13-142121center.jpg", 3
"913_2019-11-13-151156left.jpg", 2
"68_2019-11-13-151326center.jpg", 3
"880_2019-11-13-151156left.jpg", 2
"418_2019-11-13-143129-right.jpg", 1
"74_2019-11-13-145021_left.jpg", 2
"211_2019-11-13-145021_left.jpg", 2
"726_2019-11-13-151156left.jpg", 2
"895_2019-11-13-151156left.jpg", 2
"281_2019-11-13-143129-right.jpg", 1
"235_2019-11-13-143129-right.jpg", 1
"664_2019-11-13-151053right.jpg", 1
"532_2019-11-13-151053right.jpg", 1
"505_2019-11-13-151326center.jpg", 3
"481_2019-11-13-151156left.jpg", 2
"33_2019-11-13-142104left.jpg", 2
"290_2019-11-13-143129-right.jpg", 1
"200_2019-11-13-144036-right.jpg", 1
"835_2019-11-13-151156left.jpg", 2
"309_2019-11-13-151326center.jpg", 3
"678_2019-11-13-151156left.jpg", 2
"340_2019-11-13-151053right.jpg", 1
"210_2019-11-13-144932_right.jpg", 1
"318_2019-11-13-144932_right.jpg", 1
"741_2019-11-13-151156left.jpg", 2
"78_2019-11-13-144932_right.jpg", 1
"394_2019-11-13-151326center.jpg", 3
"64_2019-11-13-142121center.jpg", 3
"185_2019-11-13-144036-right.jpg", 1
"34_2019-11-13-144036-right.jpg", 1
"120_2019-11-13-143940-left.jpg", 2
"332_2019-11-13-151053right.jpg", 1
"767_2019-11-13-151156left.jpg", 2
"45_2019-11-13-144036-right.jpg", 1
"712_2019-11-13-151156left.jpg", 2
"108_2019-11-13-143129-right.jpg", 1
"46_2019-11-13-144036-right.jpg", 1
"527_2019-11-13-151053right.jpg", 1
"204_2019-11-13-144932_right.jpg", 1
"465_2019-11-13-151326center.jpg", 3
"87_2019-11-13-143940-left.jpg", 2
"74_2019-11-13-144932_right.jpg", 1
"586_2019-11-13-151053right.jpg", 1
"238_2019-11-13-151326center.jpg", 3
"253_2019-11-13-142104left.jpg", 2
"118_2019-11-13-143940-left.jpg", 2
"208_2019-11-13-151053right.jpg", 1
"703_2019-11-13-151156left.jpg", 2
"24_2019-11-13-142121center.jpg", 3
"135_2019-11-13-143940-left.jpg", 2
"12_2019-11-13-145021_left.jpg", 2
"236_2019-11-13-143940-left.jpg", 2
"545_2019-11-13-151053right.jpg", 1
"699_2019-11-13-151156left.jpg", 2
"257_2019-11-13-143940-left.jpg", 2
"29_2019-11-13-142104left.jpg", 2
"488_2019-11-13-151326center.jpg", 3
"729_2019-11-13-151156left.jpg", 2
"52_2019-11-13-143129-right.jpg", 1
"262_2019-11-13-143940-left.jpg", 2
"182_2019-11-13-142104left.jpg", 2
"692_2019-11-13-151156left.jpg", 2
"462_2019-11-13-151326center.jpg", 3
"540_2019-11-13-151053right.jpg", 1
"490_2019-11-13-151156left.jpg", 2
"30_2019-11-13-144036-right.jpg", 1
"301_2019-11-13-144036-right.jpg", 1
"297_2019-11-13-143940-left.jpg", 2
"65_2019-11-13-145021_left.jpg", 2
"228_2019-11-13-143129-right.jpg", 1
"249_2019-11-13-144932_right.jpg", 1
"259_2019-11-13-143940-left.jpg", 2
"163_2019-11-13-144036-right.jpg", 1
"272_2019-11-13-144932_right.jpg", 1
"918_2019-11-13-151156left.jpg", 2
"308_2019-11-13-143940-left.jpg", 2
"188_2019-11-13-151326center.jpg", 3
"54_2019-11-13-144036-right.jpg", 1
"285_2019-11-13-143940-left.jpg", 2
"408_2019-11-13-151326center.jpg", 3
"556_2019-11-13-151053right.jpg", 1
"262_2019-11-13-144932_right.jpg", 1
"239_2019-11-13-151326center.jpg", 3
"73_2019-11-13-143940-left.jpg", 2
"238_2019-11-13-143129-right.jpg", 1
"135_2019-11-13-143129-right.jpg", 1
"622_2019-11-13-151053right.jpg", 1
"36_2019-11-13-142121center.jpg", 3
"54_2019-11-13-142104left.jpg", 2
"561_2019-11-13-151326center.jpg", 3
"38_2019-11-13-151326center.jpg", 3
"285_2019-11-13-151326center.jpg", 3
"30_2019-11-13-142121center.jpg", 3
"141_2019-11-13-143940-left.jpg", 2
"458_2019-11-13-151326center.jpg", 3
"170_2019-11-13-151326center.jpg", 3
"255_2019-11-13-151326center.jpg", 3
"342_2019-11-13-151053right.jpg", 1
"646_2019-11-13-151053right.jpg", 1
"422_2019-11-13-151326center.jpg", 3
"31_2019-11-13-142121center.jpg", 3
"565_2019-11-13-151326center.jpg", 3
"154_2019-11-13-143129-right.jpg", 1
"399_2019-11-13-143129-right.jpg", 1
"832_2019-11-13-151156left.jpg", 2
"529_2019-11-13-151053right.jpg", 1
"41_2019-11-13-145021_left.jpg", 2
"56_2019-11-13-143129-right.jpg", 1
"28_2019-11-13-151053right.jpg", 1
"417_2019-11-13-151326center.jpg", 3
"145_2019-11-13-142104left.jpg", 2
"473_2019-11-13-151156left.jpg", 2
"243_2019-11-13-142104left.jpg", 2
"134_2019-11-13-144036-right.jpg", 1
"710_2019-11-13-151156left.jpg", 2
"296_2019-11-13-151326center.jpg", 3
"220_2019-11-13-143940-left.jpg", 2
"270_2019-11-13-151156left.jpg", 2
"250_2019-11-13-151326center.jpg", 3
"31_2019-11-13-143129-right.jpg", 1
"44_2019-11-13-144036-right.jpg", 1
"250_2019-11-13-144932_right.jpg", 1
"836_2019-11-13-151156left.jpg", 2
"22_2019-11-13-142121center.jpg", 3
"143_2019-11-13-143940-left.jpg", 2
"446_2019-11-13-151326center.jpg", 3
"134_2019-11-13-143940-left.jpg", 2
"463_2019-11-13-151326center.jpg", 3
"109_2019-11-13-142104left.jpg", 2
"824_2019-11-13-151156left.jpg", 2
"551_2019-11-13-151326center.jpg", 3
"217_2019-11-13-144932_right.jpg", 1
"147_2019-11-13-142104left.jpg", 2
"79_2019-11-13-145021_left.jpg", 2
"35_2019-11-13-151326center.jpg", 3
"842_2019-11-13-151156left.jpg", 2
"203_2019-11-13-151326center.jpg", 3
"25_2019-11-13-151053right.jpg", 1
"653_2019-11-13-151053right.jpg", 1
"200_2019-11-13-144932_right.jpg", 1
"470_2019-11-13-151326center.jpg", 3
"254_2019-11-13-151326center.jpg", 3
"315_2019-11-13-151326center.jpg", 3
"51_2019-11-13-144036-right.jpg", 1
"85_2019-11-13-144932_right.jpg", 1
"212_2019-11-13-144932_right.jpg", 1
"136_2019-11-13-144036-right.jpg", 1
"15_2019-11-13-144932_right.jpg", 1
"216_2019-11-13-151326center.jpg", 3
"310_2019-11-13-143940-left.jpg", 2
"195_2019-11-13-151326center.jpg", 3
"118_2019-11-13-151053right.jpg", 1
"248_2019-11-13-151326center.jpg", 3
"79_2019-11-13-151053right.jpg", 1
"100_2019-11-13-143940-left.jpg", 2
"33_2019-11-13-142121center.jpg", 3
"128_2019-11-13-145021_left.jpg", 2
"229_2019-11-13-143940-left.jpg", 2
"197_2019-11-13-151326center.jpg", 3
"6_2019-11-13-145102_centre.jpg", 3
"148_2019-11-13-143940-left.jpg", 2
"190_2019-11-13-143129-right.jpg", 1
"64_2019-11-13-144036-right.jpg", 1
"198_2019-11-13-151326center.jpg", 3
"764_2019-11-13-151156left.jpg", 2
"259_2019-11-13-142104left.jpg", 2
"897_2019-11-13-151156left.jpg", 2
"24_2019-11-13-151156left.jpg", 2
"297_2019-11-13-144932_right.jpg", 1
"553_2019-11-13-151326center.jpg", 3
"209_2019-11-13-151326center.jpg", 3
"190_2019-11-13-151326center.jpg", 3
"301_2019-11-13-143940-left.jpg", 2
"287_2019-11-13-151156left.jpg", 2
"573_2019-11-13-151053right.jpg", 1
"910_2019-11-13-151156left.jpg", 2
"700_2019-11-13-151156left.jpg", 2
"20_2019-11-13-151156left.jpg", 2
"705_2019-11-13-151156left.jpg", 2
"7_2019-11-13-144036-right.jpg", 1
"487_2019-11-13-151156left.jpg", 2
"196_2019-11-13-143129-right.jpg", 1
"23_2019-11-13-142121center.jpg", 3
"469_2019-11-13-151156left.jpg", 2
"204_2019-11-13-144036-right.jpg", 1
"197_2019-11-13-144932_right.jpg", 1
"54_2019-11-13-145102_centre.jpg", 3
"372_2019-11-13-151326center.jpg", 3
"884_2019-11-13-151156left.jpg", 2
"124_2019-11-13-143940-left.jpg", 2
"282_2019-11-13-151326center.jpg", 3
"881_2019-11-13-151156left.jpg", 2
"60_2019-11-13-144036-right.jpg", 1
"133_2019-11-13-144036-right.jpg", 1
"199_2019-11-13-145021_left.jpg", 2
"650_2019-11-13-151053right.jpg", 1
"903_2019-11-13-151156left.jpg", 2
"560_2019-11-13-151326center.jpg", 3
"18_2019-11-13-143940-left.jpg", 2
"557_2019-11-13-151053right.jpg", 1
"875_2019-11-13-151156left.jpg", 2
"126_2019-11-13-143940-left.jpg", 2
"213_2019-11-13-151326center.jpg", 3
"304_2019-11-13-151326center.jpg", 3
"153_2019-11-13-145021_left.jpg", 2
"188_2019-11-13-144036-right.jpg", 1
"21_2019-11-13-143940-left.jpg", 2
"702_2019-11-13-151156left.jpg", 2
"111_2019-11-13-143129-right.jpg", 1
"196_2019-11-13-145021_left.jpg", 2
"245_2019-11-13-143940-left.jpg", 2
"454_2019-11-13-151326center.jpg", 3
"460_2019-11-13-151326center.jpg", 3
"426_2019-11-13-151326center.jpg", 3
"43_2019-11-13-151156left.jpg", 2
"131_2019-11-13-143940-left.jpg", 2
"54_2019-11-13-143129-right.jpg", 1
"176_2019-11-13-142104left.jpg", 2
"10_2019-11-13-145102_centre.jpg", 3
"159_2019-11-13-144036-right.jpg", 1
"25_2019-11-13-142104left.jpg", 2
"23_2019-11-13-142104left.jpg", 2
"359_2019-11-13-143129-right.jpg", 1
"32_2019-11-13-151156left.jpg", 2
"486_2019-11-13-151156left.jpg", 2
"72_2019-11-13-144932_right.jpg", 1
"63_2019-11-13-144036-right.jpg", 1
"165_2019-11-13-144036-right.jpg", 1
"228_2019-11-13-142104left.jpg", 2
"21_2019-11-13-142104left.jpg", 2
"279_2019-11-13-143129-right.jpg", 1
"747_2019-11-13-151156left.jpg", 2
"311_2019-11-13-151326center.jpg", 3
"739_2019-11-13-151156left.jpg", 2
"470_2019-11-13-151156left.jpg", 2
"37_2019-11-13-144036-right.jpg", 1
"253_2019-11-13-151326center.jpg", 3
"108_2019-11-13-144036-right.jpg", 1
"9_2019-11-13-145021_left.jpg", 2
"173_2019-11-13-151326center.jpg", 3
"290_2019-11-13-151326center.jpg", 3
"833_2019-11-13-151156left.jpg", 2
"662_2019-11-13-151053right.jpg", 1
"301_2019-11-13-151326center.jpg", 3
"40_2019-11-13-145021_left.jpg", 2
"35_2019-11-13-142121center.jpg", 3
"421_2019-11-13-151326center.jpg", 3
"443_2019-11-13-151156left.jpg", 2
"216_2019-11-13-144036-right.jpg", 1
"489_2019-11-13-151326center.jpg", 3
"291_2019-11-13-151326center.jpg", 3
"559_2019-11-13-151053right.jpg", 1
"190_2019-11-13-142104left.jpg", 2
"242_2019-11-13-151326center.jpg", 3
"36_2019-11-13-142104left.jpg", 2
"534_2019-11-13-151053right.jpg", 1
"669_2019-11-13-151053right.jpg", 1
"46_2019-11-13-144932_right.jpg", 1
"192_2019-11-13-144036-right.jpg", 1
"367_2019-11-13-151326center.jpg", 3
"171_2019-11-13-151326center.jpg", 3
"215_2019-11-13-143940-left.jpg", 2
"139_2019-11-13-143129-right.jpg", 1
"487_2019-11-13-151326center.jpg", 3
"64_2019-11-13-145021_left.jpg", 2
"92_2019-11-13-144932_right.jpg", 1
"155_2019-11-13-143129-right.jpg", 1
"364_2019-11-13-143129-right.jpg", 1
"55_2019-11-13-144932_right.jpg", 1
"52_2019-11-13-145021_left.jpg", 2
"263_2019-11-13-143940-left.jpg", 2
"128_2019-11-13-143940-left.jpg", 2
"475_2019-11-13-151156left.jpg", 2
"108_2019-11-13-142104left.jpg", 2
"69_2019-11-13-144932_right.jpg", 1
"20_2019-11-13-143940-left.jpg", 2
"36_2019-11-13-145102_centre.jpg", 3
"98_2019-11-13-145021_left.jpg", 2
"308_2019-11-13-151326center.jpg", 3
"562_2019-11-13-151326center.jpg", 3
"489_2019-11-13-151156left.jpg", 2
"37_2019-11-13-145021_left.jpg", 2
"825_2019-11-13-151156left.jpg", 2
"275_2019-11-13-143129-right.jpg", 1
"214_2019-11-13-151326center.jpg", 3
"278_2019-11-13-151326center.jpg", 3
"115_2019-11-13-142104left.jpg", 2
"293_2019-11-13-151326center.jpg", 3
"303_2019-11-13-143129-right.jpg", 1
"402_2019-11-13-151326center.jpg", 3
"723_2019-11-13-151156left.jpg", 2
"434_2019-11-13-151326center.jpg", 3
"302_2019-11-13-151156left.jpg", 2
"34_2019-11-13-151053right.jpg", 1
"161_2019-11-13-144932_right.jpg", 1
"313_2019-11-13-151326center.jpg", 3
"171_2019-11-13-142104left.jpg", 2
"290_2019-11-13-143940-left.jpg", 2
"898_2019-11-13-151156left.jpg", 2
"236_2019-11-13-143129-right.jpg", 1
"30_2019-11-13-151053right.jpg", 1
"905_2019-11-13-151156left.jpg", 2
"915_2019-11-13-151156left.jpg", 2
"335_2019-11-13-143129-right.jpg", 1
"480_2019-11-13-151326center.jpg", 3
"11_2019-11-13-142104left.jpg", 2
"592_2019-11-13-151053right.jpg", 1
"205_2019-11-13-151326center.jpg", 3
"181_2019-11-13-151326center.jpg", 3
"129_2019-11-13-143940-left.jpg", 2
"90_2019-11-13-151156left.jpg", 2
"32_2019-11-13-151053right.jpg", 1
"192_2019-11-13-151326center.jpg", 3
"305_2019-11-13-143940-left.jpg", 2
"135_2019-11-13-142104left.jpg", 2
"47_2019-11-13-143129-right.jpg", 1
"689_2019-11-13-151156left.jpg", 2
"479_2019-11-13-151326center.jpg", 3
"459_2019-11-13-151326center.jpg", 3
"422_2019-11-13-143129-right.jpg", 1
"901_2019-11-13-151156left.jpg", 2
"261_2019-11-13-144932_right.jpg", 1
"228_2019-11-13-151326center.jpg", 3
"260_2019-11-13-143940-left.jpg", 2
"224_2019-11-13-144036-right.jpg", 1
"119_2019-11-13-143940-left.jpg", 2
"558_2019-11-13-151053right.jpg", 1
"730_2019-11-13-151156left.jpg", 2
"295_2019-11-13-143129-right.jpg", 1
"543_2019-11-13-151326center.jpg", 3
"304_2019-11-13-143940-left.jpg", 2
"13_2019-11-13-142104left.jpg", 2
"95_2019-11-13-145021_left.jpg", 2
"49_2019-11-13-151326center.jpg", 3
"398_2019-11-13-143129-right.jpg", 1
"16_2019-11-13-151156left.jpg", 2
"196_2019-11-13-151326center.jpg", 3
"306_2019-11-13-151326center.jpg", 3
"37_2019-11-13-142121center.jpg", 3
"590_2019-11-13-151053right.jpg", 1
"149_2019-11-13-143940-left.jpg", 2
"67_2019-11-13-145021_left.jpg", 2
"115_2019-11-13-143129-right.jpg", 1
"314_2019-11-13-144932_right.jpg", 1
"563_2019-11-13-151053right.jpg", 1
"486_2019-11-13-151326center.jpg", 3
"480_2019-11-13-151156left.jpg", 2
"210_2019-11-13-151326center.jpg", 3
"834_2019-11-13-151156left.jpg", 2
"81_2019-11-13-144932_right.jpg", 1
"879_2019-11-13-151156left.jpg", 2
"47_2019-11-13-144932_right.jpg", 1
"539_2019-11-13-151053right.jpg", 1
"585_2019-11-13-151053right.jpg", 1
"76_2019-11-13-143940-left.jpg", 2
"36_2019-11-13-144036-right.jpg", 1
"253_2019-11-13-144932_right.jpg", 1
"243_2019-11-13-143940-left.jpg", 2
"85_2019-11-13-143940-left.jpg", 2
"311_2019-11-13-143940-left.jpg", 2
"74_2019-11-13-143940-left.jpg", 2
"34_2019-11-13-142121center.jpg", 3
"195_2019-11-13-144932_right.jpg", 1
"872_2019-11-13-151156left.jpg", 2
"406_2019-11-13-151326center.jpg", 3
"361_2019-11-13-143129-right.jpg", 1
"36_2019-11-13-151053right.jpg", 1
"39_2019-11-13-142104left.jpg", 2
"70_2019-11-13-145021_left.jpg", 2
"80_2019-11-13-144932_right.jpg", 1
"435_2019-11-13-151326center.jpg", 3
"684_2019-11-13-151156left.jpg", 2
"830_2019-11-13-151156left.jpg", 2
"5_2019-11-13-144036-right.jpg", 1
"859_2019-11-13-151156left.jpg", 2
"179_2019-11-13-144036-right.jpg", 1
"370_2019-11-13-151326center.jpg", 3
"182_2019-11-13-151326center.jpg", 3
"75_2019-11-13-151156left.jpg", 2
"286_2019-11-13-143940-left.jpg", 2
"2_2019-11-13-143129-right.jpg", 1
"203_2019-11-13-144932_right.jpg", 1
"194_2019-11-13-151326center.jpg", 3
"292_2019-11-13-151326center.jpg", 3
"40_2019-11-13-151053right.jpg", 1
"469_2019-11-13-151326center.jpg", 3
"285_2019-11-13-143129-right.jpg", 1
"827_2019-11-13-151156left.jpg", 2
"437_2019-11-13-151326center.jpg", 3
"686_2019-11-13-151156left.jpg", 2
"8_2019-11-13-145021_left.jpg", 2
"125_2019-11-13-143940-left.jpg", 2
"172_2019-11-13-142104left.jpg", 2
"261_2019-11-13-142104left.jpg", 2
"57_2019-11-13-144932_right.jpg", 1
"541_2019-11-13-151053right.jpg", 1
"27_2019-11-13-142121center.jpg", 3
"42_2019-11-13-144932_right.jpg", 1
"479_2019-11-13-151156left.jpg", 2
"167_2019-11-13-144036-right.jpg", 1
"14_2019-11-13-145021_left.jpg", 2
"759_2019-11-13-151156left.jpg", 2
"749_2019-11-13-151156left.jpg", 2
"225_2019-11-13-142104left.jpg", 2
"1060_2019-11-13-151156left.jpg", 2
"248_2019-11-13-144932_right.jpg", 1
"10_2019-11-13-142104left.jpg", 2
"7_2019-11-13-142104left.jpg", 2
"368_2019-11-13-151326center.jpg", 3
"277_2019-11-13-143129-right.jpg", 1
"561_2019-11-13-151053right.jpg", 1
"125_2019-11-13-145021_left.jpg", 2
"78_2019-11-13-143940-left.jpg", 2
"81_2019-11-13-151053right.jpg", 1
"46_2019-11-13-143129-right.jpg", 1
"485_2019-11-13-151156left.jpg", 2
"52_2019-11-13-144932_right.jpg", 1
"754_2019-11-13-151156left.jpg", 2
"564_2019-11-13-151053right.jpg", 1
"88_2019-11-13-143940-left.jpg", 2
"558_2019-11-13-151326center.jpg", 3
"687_2019-11-13-151156left.jpg", 2
"19_2019-11-13-151156left.jpg", 2
"861_2019-11-13-151156left.jpg", 2
"892_2019-11-13-151156left.jpg", 2
"39_2019-11-13-142121center.jpg", 3
"468_2019-11-13-151156left.jpg", 2
"186_2019-11-13-151326center.jpg", 3
"54_2019-11-13-145021_left.jpg", 2
"756_2019-11-13-151156left.jpg", 2
"588_2019-11-13-151053right.jpg", 1
"248_2019-11-13-142104left.jpg", 2
"260_2019-11-13-144932_right.jpg", 1
"30_2019-11-13-151156left.jpg", 2
"264_2019-11-13-142104left.jpg", 2
"47_2019-11-13-144036-right.jpg", 1
"493_2019-11-13-151156left.jpg", 2
"32_2019-11-13-142121center.jpg", 3
"209_2019-11-13-145021_left.jpg", 2
"17_2019-11-13-143940-left.jpg", 2
"339_2019-11-13-151053right.jpg", 1
"717_2019-11-13-151156left.jpg", 2
"297_2019-11-13-151326center.jpg", 3
"20_2019-11-13-142121center.jpg", 3
"268_2019-11-13-143129-right.jpg", 1
"296_2019-11-13-143940-left.jpg", 2
"146_2019-11-13-143940-left.jpg", 2
"464_2019-11-13-151156left.jpg", 2
"463_2019-11-13-151156left.jpg", 2
"98_2019-11-13-151156left.jpg", 2
"272_2019-11-13-143129-right.jpg", 1
"132_2019-11-13-144036-right.jpg", 1
"100_2019-11-13-145021_left.jpg", 2
"549_2019-11-13-151053right.jpg", 1
"35_2019-11-13-151156left.jpg", 2
"194_2019-11-13-143129-right.jpg", 1
"248_2019-11-13-143940-left.jpg", 2
"158_2019-11-13-144932_right.jpg", 1
"133_2019-11-13-143129-right.jpg", 1
"698_2019-11-13-151156left.jpg", 2
"679_2019-11-13-151156left.jpg", 2
"136_2019-11-13-143129-right.jpg", 1
"546_2019-11-13-151053right.jpg", 1
"39_2019-11-13-151326center.jpg", 3
"223_2019-11-13-142104left.jpg", 2
"109_2019-11-13-144036-right.jpg", 1
"862_2019-11-13-151156left.jpg", 2
"251_2019-11-13-144932_right.jpg", 1
"750_2019-11-13-151156left.jpg", 2
"291_2019-11-13-143129-right.jpg", 1
"893_2019-11-13-151156left.jpg", 2
"187_2019-11-13-142104left.jpg", 2
"484_2019-11-13-151156left.jpg", 2
"214_2019-11-13-143940-left.jpg", 2
"482_2019-11-13-151156left.jpg", 2
"388_2019-11-13-151326center.jpg", 3
"212_2019-11-13-145021_left.jpg", 2
"292_2019-11-13-151156left.jpg", 2
"555_2019-11-13-151326center.jpg", 3
"395_2019-11-13-143129-right.jpg", 1
"108_2019-11-13-151053right.jpg", 1
"542_2019-11-13-151053right.jpg", 1
"196_2019-11-13-144932_right.jpg", 1
"273_2019-11-13-143129-right.jpg", 1
"48_2019-11-13-144036-right.jpg", 1
"194_2019-11-13-145021_left.jpg", 2
"267_2019-11-13-143129-right.jpg", 1
"554_2019-11-13-151053right.jpg", 1
"760_2019-11-13-151156left.jpg", 2
"42_2019-11-13-151156left.jpg", 2
"328_2019-11-13-143940-left.jpg", 2
"216_2019-11-13-144932_right.jpg", 1
"306_2019-11-13-151156left.jpg", 2
"80_2019-11-13-143940-left.jpg", 2
"251_2019-11-13-151326center.jpg", 3
"50_2019-11-13-143129-right.jpg", 1
"194_2019-11-13-144036-right.jpg", 1
"708_2019-11-13-151156left.jpg", 2
"399_2019-11-13-151326center.jpg", 3
"211_2019-11-13-144932_right.jpg", 1
"494_2019-11-13-151326center.jpg", 3
"62_2019-11-13-143129-right.jpg", 1
"195_2019-11-13-142104left.jpg", 2
"294_2019-11-13-151326center.jpg", 3
"17_2019-11-13-142121center.jpg", 3
"826_2019-11-13-151156left.jpg", 2
"294_2019-11-13-143940-left.jpg", 2
"182_2019-11-13-144036-right.jpg", 1
"309_2019-11-13-151156left.jpg", 2
"52_2019-11-13-144036-right.jpg", 1
"555_2019-11-13-151053right.jpg", 1
"674_2019-11-13-151156left.jpg", 2
"365_2019-11-13-143129-right.jpg", 1
"3_2019-11-13-143940-left.jpg", 2
"45_2019-11-13-151156left.jpg", 2
"467_2019-11-13-151156left.jpg", 2
"293_2019-11-13-143129-right.jpg", 1
"564_2019-11-13-151326center.jpg", 3
"130_2019-11-13-145102_centre.jpg", 3
"160_2019-11-13-144932_right.jpg", 1
"414_2019-11-13-151326center.jpg", 3
"302_2019-11-13-143940-left.jpg", 2
"110_2019-11-13-142104left.jpg", 2
"745_2019-11-13-151156left.jpg", 2
"210_2019-11-13-145021_left.jpg", 2
"499_2019-11-13-151326center.jpg", 3
"433_2019-11-13-151326center.jpg", 3
"33_2019-11-13-151053right.jpg", 1
"286_2019-11-13-151156left.jpg", 2
"191_2019-11-13-142104left.jpg", 2
"387_2019-11-13-151326center.jpg", 3
"253_2019-11-13-143940-left.jpg", 2
"398_2019-11-13-151326center.jpg", 3
"26_2019-11-13-142104left.jpg", 2
"309_2019-11-13-143940-left.jpg", 2
"701_2019-11-13-151156left.jpg", 2
"217_2019-11-13-151326center.jpg", 3
"214_2019-11-13-144932_right.jpg", 1
"668_2019-11-13-151053right.jpg", 1
"106_2019-11-13-143129-right.jpg", 1
"492_2019-11-13-151326center.jpg", 3
"289_2019-11-13-143129-right.jpg", 1
"137_2019-11-13-142104left.jpg", 2
"249_2019-11-13-143940-left.jpg", 2
"41_2019-11-13-151053right.jpg", 1
"206_2019-11-13-151326center.jpg", 3
"136_2019-11-13-143940-left.jpg", 2
"84_2019-11-13-143940-left.jpg", 2
"249_2019-11-13-151326center.jpg", 3
"365_2019-11-13-151326center.jpg", 3
"560_2019-11-13-151053right.jpg", 1
"52_2019-11-13-145102_centre.jpg", 3
"100_2019-11-13-151156left.jpg", 2
"493_2019-11-13-151326center.jpg", 3
"72_2019-11-13-143940-left.jpg", 2
"38_2019-11-13-144932_right.jpg", 1
"223_2019-11-13-151326center.jpg", 3
"139_2019-11-13-142104left.jpg", 2
"99_2019-11-13-151156left.jpg", 2
"279_2019-11-13-144932_right.jpg", 1
"128_2019-11-13-145102_centre.jpg", 3
"273_2019-11-13-144932_right.jpg", 1
"769_2019-11-13-151156left.jpg", 2
"19_2019-11-13-145021_left.jpg", 2
"245_2019-11-13-142104left.jpg", 2
"270_2019-11-13-143129-right.jpg", 1
"124_2019-11-13-142104left.jpg", 2
"886_2019-11-13-151156left.jpg", 2
"198_2019-11-13-145021_left.jpg", 2
"659_2019-11-13-151053right.jpg", 1
"40_2019-11-13-151156left.jpg", 2
"685_2019-11-13-151156left.jpg", 2
"48_2019-11-13-143129-right.jpg", 1
"68_2019-11-13-143940-left.jpg", 2
"855_2019-11-13-151156left.jpg", 2
"663_2019-11-13-151053right.jpg", 1
"55_2019-11-13-143129-right.jpg", 1
"280_2019-11-13-143129-right.jpg", 1
"61_2019-11-13-142104left.jpg", 2
"18_2019-11-13-151156left.jpg", 2
"209_2019-11-13-144932_right.jpg", 1
"397_2019-11-13-151326center.jpg", 3
"524_2019-11-13-151053right.jpg", 1
"3_2019-11-13-143129-right.jpg", 1
"163_2019-11-13-144932_right.jpg", 1
"284_2019-11-13-143129-right.jpg", 1
"312_2019-11-13-151326center.jpg", 3
"280_2019-11-13-151156left.jpg", 2
"199_2019-11-13-144932_right.jpg", 1
"380_2019-11-13-151326center.jpg", 3
"360_2019-11-13-143129-right.jpg", 1
"268_2019-11-13-151156left.jpg", 2
"83_2019-11-13-143940-left.jpg", 2
"91_2019-11-13-144932_right.jpg", 1
"37_2019-11-13-151326center.jpg", 3
"45_2019-11-13-145021_left.jpg", 2
"41_2019-11-13-142121center.jpg", 3
"193_2019-11-13-143129-right.jpg", 1
"186_2019-11-13-142104left.jpg", 2
"379_2019-11-13-151326center.jpg", 3
"124_2019-11-13-145102_centre.jpg", 3
"255_2019-11-13-144932_right.jpg", 1
"138_2019-11-13-143129-right.jpg", 1
"207_2019-11-13-144932_right.jpg", 1
"297_2019-11-13-143129-right.jpg", 1
"202_2019-11-13-151326center.jpg", 3
"888_2019-11-13-151156left.jpg", 2
"206_2019-11-13-142104left.jpg", 2
"39_2019-11-13-145102_centre.jpg", 3
"390_2019-11-13-151326center.jpg", 3
"845_2019-11-13-151156left.jpg", 2
"212_2019-11-13-144036-right.jpg", 1
"134_2019-11-13-142104left.jpg", 2
"50_2019-11-13-145021_left.jpg", 2
"53_2019-11-13-144932_right.jpg", 1
"131_2019-11-13-145102_centre.jpg", 3
"262_2019-11-13-143129-right.jpg", 1
"906_2019-11-13-151156left.jpg", 2
"20_2019-11-13-145021_left.jpg", 2
"389_2019-11-13-151326center.jpg", 3
"401_2019-11-13-151326center.jpg", 3
"31_2019-11-13-151156left.jpg", 2
"124_2019-11-13-145021_left.jpg", 2
"316_2019-11-13-151326center.jpg", 3
"298_2019-11-13-143129-right.jpg", 1
"173_2019-11-13-142104left.jpg", 2
"731_2019-11-13-151156left.jpg", 2
"478_2019-11-13-151156left.jpg", 2
"252_2019-11-13-151326center.jpg", 3
"295_2019-11-13-151156left.jpg", 2
"377_2019-11-13-151326center.jpg", 3
"234_2019-11-13-151156left.jpg", 2
"333_2019-11-13-151053right.jpg", 1
"31_2019-11-13-144036-right.jpg", 1
"206_2019-11-13-144036-right.jpg", 1
"107_2019-11-13-144036-right.jpg", 1
"305_2019-11-13-151326center.jpg", 3
"51_2019-11-13-145102_centre.jpg", 3
"53_2019-11-13-142104left.jpg", 2
"24_2019-11-13-142104left.jpg", 2
"38_2019-11-13-142121center.jpg", 3
"654_2019-11-13-151053right.jpg", 1
"82_2019-11-13-144932_right.jpg", 1
"12_2019-11-13-144036-right.jpg", 1
"12_2019-11-13-143129-right.jpg", 1
"35_2019-11-13-145021_left.jpg", 2
"282_2019-11-13-143940-left.jpg", 2
"187_2019-11-13-144036-right.jpg", 1
"732_2019-11-13-151156left.jpg", 2
"709_2019-11-13-151156left.jpg", 2
"46_2019-11-13-145102_centre.jpg", 3
"208_2019-11-13-144932_right.jpg", 1
"38_2019-11-13-144036-right.jpg", 1
"137_2019-11-13-143940-left.jpg", 2
"257_2019-11-13-142104left.jpg", 2
"303_2019-11-13-151326center.jpg", 3
"62_2019-11-13-151326center.jpg", 3
"648_2019-11-13-151053right.jpg", 1
"571_2019-11-13-151053right.jpg", 1
"746_2019-11-13-151156left.jpg", 2
"278_2019-11-13-144932_right.jpg", 1
"477_2019-11-13-151156left.jpg", 2
"569_2019-11-13-151053right.jpg", 1
"264_2019-11-13-143129-right.jpg", 1
"46_2019-11-13-151156left.jpg", 2
"4_2019-11-13-142104left.jpg", 2
"254_2019-11-13-144932_right.jpg", 1
"86_2019-11-13-143940-left.jpg", 2
"49_2019-11-13-145021_left.jpg", 2
"384_2019-11-13-151326center.jpg", 3
"440_2019-11-13-151326center.jpg", 3
"36_2019-11-13-151156left.jpg", 2
"241_2019-11-13-142104left.jpg", 2
"219_2019-11-13-143940-left.jpg", 2
"17_2019-11-13-142104left.jpg", 2
"763_2019-11-13-151156left.jpg", 2
"244_2019-11-13-151326center.jpg", 3
"45_2019-11-13-151326center.jpg", 3
"156_2019-11-13-144932_right.jpg", 1
"142_2019-11-13-143940-left.jpg", 2
"221_2019-11-13-151326center.jpg", 3
"822_2019-11-13-151156left.jpg", 2
"247_2019-11-13-142104left.jpg", 2
"382_2019-11-13-151326center.jpg", 3
"197_2019-11-13-144036-right.jpg", 1
"30_2019-11-13-142104left.jpg", 2
"18_2019-11-13-145021_left.jpg", 2
"178_2019-11-13-142104left.jpg", 2
"184_2019-11-13-151326center.jpg", 3
"718_2019-11-13-151156left.jpg", 2
"57_2019-11-13-144036-right.jpg", 1
"411_2019-11-13-151326center.jpg", 3
"358_2019-11-13-143129-right.jpg", 1
"728_2019-11-13-151156left.jpg", 2
"7_2019-11-13-145021_left.jpg", 2
"122_2019-11-13-142104left.jpg", 2
"140_2019-11-13-143940-left.jpg", 2
"114_2019-11-13-142104left.jpg", 2
"412_2019-11-13-151326center.jpg", 3
"69_2019-11-13-151053right.jpg", 1
"140_2019-11-13-145021_left.jpg", 2
"403_2019-11-13-151326center.jpg", 3
"671_2019-11-13-151053right.jpg", 1
"126_2019-11-13-142104left.jpg", 2
"366_2019-11-13-151326center.jpg", 3
"66_2019-11-13-142121center.jpg", 3
"223_2019-11-13-143940-left.jpg", 2
"220_2019-11-13-151326center.jpg", 3
"318_2019-11-13-151326center.jpg", 3
"583_2019-11-13-151053right.jpg", 1
"59_2019-11-13-144932_right.jpg", 1
"135_2019-11-13-145102_centre.jpg", 3
"298_2019-11-13-151156left.jpg", 2
"49_2019-11-13-143129-right.jpg", 1
"275_2019-11-13-144932_right.jpg", 1
"430_2019-11-13-151326center.jpg", 3
"368_2019-11-13-143129-right.jpg", 1
"36_2019-11-13-144932_right.jpg", 1
"491_2019-11-13-151156left.jpg", 2
"45_2019-11-13-143129-right.jpg", 1
"736_2019-11-13-151156left.jpg", 2
"167_2019-11-13-142104left.jpg", 2
"159_2019-11-13-144932_right.jpg", 1
"154_2019-11-13-143940-left.jpg", 2
"75_2019-11-13-144932_right.jpg", 1
"29_2019-11-13-151053right.jpg", 1
"126_2019-11-13-145102_centre.jpg", 3
"302_2019-11-13-143129-right.jpg", 1
"298_2019-11-13-151326center.jpg", 3
"193_2019-11-13-151326center.jpg", 3
"443_2019-11-13-151326center.jpg", 3
"651_2019-11-13-151053right.jpg", 1
"283_2019-11-13-143940-left.jpg", 2
"310_2019-11-13-142104left.jpg", 2
"252_2019-11-13-143940-left.jpg", 2
"667_2019-11-13-151053right.jpg", 1
"649_2019-11-13-151053right.jpg", 1
"13_2019-11-13-144036-right.jpg", 1
"76_2019-11-13-145021_left.jpg", 2
"341_2019-11-13-151053right.jpg", 1
"66_2019-11-13-151326center.jpg", 3
"41_2019-11-13-151156left.jpg", 2
"132_2019-11-13-145021_left.jpg", 2
"37_2019-11-13-151156left.jpg", 2
"568_2019-11-13-151326center.jpg", 3
"238_2019-11-13-151156left.jpg", 2
"67_2019-11-13-144932_right.jpg", 1
"287_2019-11-13-151326center.jpg", 3
"133_2019-11-13-142104left.jpg", 2
"639_2019-11-13-151053right.jpg", 1
"279_2019-11-13-151156left.jpg", 2
"41_2019-11-13-144932_right.jpg", 1
"62_2019-11-13-142121center.jpg", 3
"307_2019-11-13-151326center.jpg", 3
"852_2019-11-13-151156left.jpg", 2
"240_2019-11-13-151326center.jpg", 3
"231_2019-11-13-143940-left.jpg", 2
"19_2019-11-13-142104left.jpg", 2
"14_2019-11-13-144036-right.jpg", 1
"449_2019-11-13-151326center.jpg", 3
"419_2019-11-13-143129-right.jpg", 1
"32_2019-11-13-143129-right.jpg", 1
"839_2019-11-13-151156left.jpg", 2
"3_2019-11-13-142104left.jpg", 2
"55_2019-11-13-145102_centre.jpg", 3
"548_2019-11-13-151326center.jpg", 3
"300_2019-11-13-143940-left.jpg", 2
"66_2019-11-13-145021_left.jpg", 2
"181_2019-11-13-144036-right.jpg", 1
"497_2019-11-13-151326center.jpg", 3
"298_2019-11-13-143940-left.jpg", 2
"38_2019-11-13-145021_left.jpg", 2
"121_2019-11-13-142104left.jpg", 2
"65_2019-11-13-142121center.jpg", 3
"276_2019-11-13-144932_right.jpg", 1
"56_2019-11-13-151326center.jpg", 3
"61_2019-11-13-144932_right.jpg", 1
"823_2019-11-13-151156left.jpg", 2
"868_2019-11-13-151156left.jpg", 2
"70_2019-11-13-143940-left.jpg", 2
"183_2019-11-13-151326center.jpg", 3
"198_2019-11-13-144932_right.jpg", 1
"221_2019-11-13-143940-left.jpg", 2
"11_2019-11-13-143129-right.jpg", 1
"381_2019-11-13-151326center.jpg", 3
"102_2019-11-13-143940-left.jpg", 2
"466_2019-11-13-151326center.jpg", 3
"677_2019-11-13-151156left.jpg", 2
"904_2019-11-13-151156left.jpg", 2
"415_2019-11-13-151326center.jpg", 3
"31_2019-11-13-151326center.jpg", 3
"550_2019-11-13-151326center.jpg", 3
"70_2019-11-13-144932_right.jpg", 1
"50_2019-11-13-144932_right.jpg", 1
"6_2019-11-13-144036-right.jpg", 1
"260_2019-11-13-142104left.jpg", 2
"135_2019-11-13-145021_left.jpg", 2
"553_2019-11-13-151053right.jpg", 1
"444_2019-11-13-151326center.jpg", 3
"278_2019-11-13-143129-right.jpg", 1
"34_2019-11-13-151156left.jpg", 2
"330_2019-11-13-143129-right.jpg", 1
"395_2019-11-13-151326center.jpg", 3
"870_2019-11-13-151156left.jpg", 2
"80_2019-11-13-151156left.jpg", 2
"22_2019-11-13-145021_left.jpg", 2
"193_2019-11-13-142104left.jpg", 2
"154_2019-11-13-145021_left.jpg", 2
"123_2019-11-13-142104left.jpg", 2
"867_2019-11-13-151156left.jpg", 2
"681_2019-11-13-151156left.jpg", 2
"626_2019-11-13-151053right.jpg", 1
"59_2019-11-13-144036-right.jpg", 1
"227_2019-11-13-151326center.jpg", 3
"87_2019-11-13-144932_right.jpg", 1
"882_2019-11-13-151156left.jpg", 2
"55_2019-11-13-145021_left.jpg", 2
"251_2019-11-13-143940-left.jpg", 2
"302_2019-11-13-151326center.jpg", 3
"20_2019-11-13-142104left.jpg", 2
"568_2019-11-13-151053right.jpg", 1
"294_2019-11-13-143129-right.jpg", 1
"152_2019-11-13-145021_left.jpg", 2
"15_2019-11-13-144036-right.jpg", 1
"770_2019-11-13-151156left.jpg", 2
"501_2019-11-13-151326center.jpg", 3
"6_2019-11-13-142121center.jpg", 3
"21_2019-11-13-145021_left.jpg", 2
"751_2019-11-13-151156left.jpg", 2
"240_2019-11-13-151156left.jpg", 2
"584_2019-11-13-151053right.jpg", 1
"472_2019-11-13-151326center.jpg", 3
"82_2019-11-13-151156left.jpg", 2
"392_2019-11-13-143129-right.jpg", 1
"231_2019-11-13-145021_left.jpg", 2
"77_2019-11-13-144932_right.jpg", 1
"483_2019-11-13-151156left.jpg", 2
"58_2019-11-13-142104left.jpg", 2
"122_2019-11-13-143940-left.jpg", 2
"46_2019-11-13-151326center.jpg", 3
"247_2019-11-13-143940-left.jpg", 2
"471_2019-11-13-151326center.jpg", 3
"138_2019-11-13-143940-left.jpg", 2
"847_2019-11-13-151156left.jpg", 2
"394_2019-11-13-143129-right.jpg", 1
"229_2019-11-13-143129-right.jpg", 1
"453_2019-11-13-151326center.jpg", 3
"461_2019-11-13-151326center.jpg", 3
"199_2019-11-13-142104left.jpg", 2
"47_2019-11-13-145102_centre.jpg", 3
"120_2019-11-13-151053right.jpg", 1
"853_2019-11-13-151156left.jpg", 2
"69_2019-11-13-143940-left.jpg", 2
"93_2019-11-13-144932_right.jpg", 1
"531_2019-11-13-151053right.jpg", 1
"672_2019-11-13-151156left.jpg", 2
"201_2019-11-13-142104left.jpg", 2
"259_2019-11-13-144932_right.jpg", 1
"11_2019-11-13-145102_centre.jpg", 3
"217_2019-11-13-143940-left.jpg", 2
"16_2019-11-13-143129-right.jpg", 1
"631_2019-11-13-151053right.jpg", 1
"289_2019-11-13-151156left.jpg", 2
"864_2019-11-13-151156left.jpg", 2
"280_2019-11-13-151326center.jpg", 3
"587_2019-11-13-151053right.jpg", 1
"917_2019-11-13-151156left.jpg", 2
"29_2019-11-13-142121center.jpg", 3
"569_2019-11-13-151326center.jpg", 3
"134_2019-11-13-143129-right.jpg", 1
"148_2019-11-13-142104left.jpg", 2
"902_2019-11-13-151156left.jpg", 2
"136_2019-11-13-142104left.jpg", 2
"396_2019-11-13-143129-right.jpg", 1
"208_2019-11-13-145021_left.jpg", 2
"279_2019-11-13-151326center.jpg", 3
"101_2019-11-13-143940-left.jpg", 2
"194_2019-11-13-142104left.jpg", 2
"419_2019-11-13-151326center.jpg", 3
"55_2019-11-13-142121center.jpg", 3
"44_2019-11-13-145021_left.jpg", 2
"850_2019-11-13-151156left.jpg", 2
"424_2019-11-13-151326center.jpg", 3
"25_2019-11-13-151156left.jpg", 2
"735_2019-11-13-151156left.jpg", 2
"299_2019-11-13-151326center.jpg", 3
"722_2019-11-13-151156left.jpg", 2
"81_2019-11-13-143940-left.jpg", 2
"557_2019-11-13-151326center.jpg", 3
"23_2019-11-13-151156left.jpg", 2
"748_2019-11-13-151156left.jpg", 2
"494_2019-11-13-151156left.jpg", 2
"632_2019-11-13-151053right.jpg", 1
"105_2019-11-13-143940-left.jpg", 2
"336_2019-11-13-151053right.jpg", 1
"291_2019-11-13-151156left.jpg", 2
"483_2019-11-13-151326center.jpg", 3
"235_2019-11-13-151156left.jpg", 2
"63_2019-11-13-142104left.jpg", 2
"721_2019-11-13-151156left.jpg", 2
"417_2019-11-13-143129-right.jpg", 1
"153_2019-11-13-143129-right.jpg", 1
"241_2019-11-13-151326center.jpg", 3
"719_2019-11-13-151156left.jpg", 2
"316_2019-11-13-144932_right.jpg", 1
"450_2019-11-13-151326center.jpg", 3
"191_2019-11-13-143129-right.jpg", 1
"299_2019-11-13-151156left.jpg", 2
"119_2019-11-13-151053right.jpg", 1
"19_2019-11-13-151326center.jpg", 3
"212_2019-11-13-151326center.jpg", 3
"296_2019-11-13-143129-right.jpg", 1
"205_2019-11-13-144932_right.jpg", 1
"378_2019-11-13-151326center.jpg", 3
"125_2019-11-13-142104left.jpg", 2
"75_2019-11-13-145021_left.jpg", 2
"235_2019-11-13-151326center.jpg", 3
"157_2019-11-13-144932_right.jpg", 1
"851_2019-11-13-151156left.jpg", 2
"195_2019-11-13-144036-right.jpg", 1
"30_2019-11-13-145021_left.jpg", 2
"188_2019-11-13-142104left.jpg", 2
"676_2019-11-13-151156left.jpg", 2
"559_2019-11-13-151326center.jpg", 3
"207_2019-11-13-145021_left.jpg", 2
"445_2019-11-13-151326center.jpg", 3
"288_2019-11-13-143129-right.jpg", 1
"79_2019-11-13-151156left.jpg", 2
"371_2019-11-13-151326center.jpg", 3
"273_2019-11-13-151156left.jpg", 2
"121_2019-11-13-151053right.jpg", 1
"25_2019-11-13-142121center.jpg", 3
"116_2019-11-13-142104left.jpg", 2
"8_2019-11-13-145102_centre.jpg", 3
"242_2019-11-13-151156left.jpg", 2
"297_2019-11-13-151156left.jpg", 2
"280_2019-11-13-144932_right.jpg", 1
"405_2019-11-13-151326center.jpg", 3
"56_2019-11-13-142104left.jpg", 2
"627_2019-11-13-151053right.jpg", 1
"1_2019-11-13-143129-right.jpg", 1
"127_2019-11-13-145021_left.jpg", 2
"32_2019-11-13-142104left.jpg", 2
"7_2019-11-13-142121center.jpg", 3
"22_2019-11-13-151156left.jpg", 2
"49_2019-11-13-144036-right.jpg", 1
"635_2019-11-13-151053right.jpg", 1
"132_2019-11-13-142104left.jpg", 2
"142_2019-11-13-145021_left.jpg", 2
"308_2019-11-13-151156left.jpg", 2
"65_2019-11-13-143940-left.jpg", 2
"295_2019-11-13-143940-left.jpg", 2
"257_2019-11-13-144932_right.jpg", 1
"203_2019-11-13-142104left.jpg", 2
"438_2019-11-13-151326center.jpg", 3
"3_2019-11-13-144036-right.jpg", 1
"863_2019-11-13-151156left.jpg", 2
"843_2019-11-13-151156left.jpg", 2
"301_2019-11-13-142104left.jpg", 2
"738_2019-11-13-151156left.jpg", 2
"26_2019-11-13-151156left.jpg", 2
"78_2019-11-13-151053right.jpg", 1
"59_2019-11-13-142121center.jpg", 3
"858_2019-11-13-151156left.jpg", 2
"448_2019-11-13-151326center.jpg", 3
"916_2019-11-13-151156left.jpg", 2
"456_2019-11-13-151326center.jpg", 3
"197_2019-11-13-142104left.jpg", 2
"66_2019-11-13-144932_right.jpg", 1
"48_2019-11-13-151326center.jpg", 3
"255_2019-11-13-142104left.jpg", 2
"707_2019-11-13-151156left.jpg", 2
"284_2019-11-13-151156left.jpg", 2
"276_2019-11-13-151156left.jpg", 2
"284_2019-11-13-143940-left.jpg", 2
"386_2019-11-13-151326center.jpg", 3
"269_2019-11-13-143129-right.jpg", 1
"634_2019-11-13-151053right.jpg", 1
"126_2019-11-13-145021_left.jpg", 2
"455_2019-11-13-151326center.jpg", 3
"482_2019-11-13-151326center.jpg", 3
"178_2019-11-13-151326center.jpg", 3
"744_2019-11-13-151156left.jpg", 2
"485_2019-11-13-151326center.jpg", 3
"338_2019-11-13-151053right.jpg", 1
"683_2019-11-13-151156left.jpg", 2
"857_2019-11-13-151156left.jpg", 2
"666_2019-11-13-151053right.jpg", 1
"844_2019-11-13-151156left.jpg", 2
"570_2019-11-13-151053right.jpg", 1
"106_2019-11-13-142104left.jpg", 2
"39_2019-11-13-144036-right.jpg", 1
"196_2019-11-13-144036-right.jpg", 1
"13_2019-11-13-143129-right.jpg", 1
"854_2019-11-13-151156left.jpg", 2
"9_2019-11-13-142121center.jpg", 3
"59_2019-11-13-143129-right.jpg", 1
"292_2019-11-13-143940-left.jpg", 2
"420_2019-11-13-143129-right.jpg", 1
"630_2019-11-13-151053right.jpg", 1
"290_2019-11-13-151156left.jpg", 2
"172_2019-11-13-144036-right.jpg", 1
"9_2019-11-13-142104left.jpg", 2
