"2019-11-07-151706_100.jpg", "3"
"2019-11-07-151706_101.jpg", "3"
"2019-11-07-151706_102.jpg", "3"
"2019-11-07-151706_1032.jpg", "3"
"2019-11-07-151706_1033.jpg", "3"
"2019-11-07-151706_1034.jpg", "3"
"2019-11-07-151706_1035.jpg", "3"
"2019-11-07-151706_1036.jpg", "3"
"2019-11-07-151706_1037.jpg", "3"
"2019-11-07-151706_1038.jpg", "3"
"2019-11-07-151706_1039.jpg", "3"
"2019-11-07-151706_103.jpg", "3"
"2019-11-07-151706_1040.jpg", "3"
"2019-11-07-151706_1041.jpg", "3"
"2019-11-07-151706_1042.jpg", "3"
"2019-11-07-151706_1043.jpg", "3"
"2019-11-07-151706_1044.jpg", "3"
"2019-11-07-151706_1045.jpg", "3"
"2019-11-07-151706_104.jpg", "3"
"2019-11-07-151706_105.jpg", "3"
"2019-11-07-151706_106.jpg", "3"
"2019-11-07-151706_107.jpg", "3"
"2019-11-07-151706_108.jpg", "3"
"2019-11-07-151706_109.jpg", "3"
"2019-11-07-151706_110.jpg", "3"
"2019-11-07-151706_111.jpg", "3"
"2019-11-07-151706_112.jpg", "3"
"2019-11-07-151706_113.jpg", "3"
"2019-11-07-151706_114.jpg", "3"
"2019-11-07-151706_115.jpg", "3"
"2019-11-07-151706_116.jpg", "3"
"2019-11-07-151706_1240.jpg", "3"
"2019-11-07-151706_1241.jpg", "3"
"2019-11-07-151706_1242.jpg", "3"
"2019-11-07-151706_1243.jpg", "3"
"2019-11-07-151706_1244.jpg", "3"
"2019-11-07-151706_1245.jpg", "3"
"2019-11-07-151706_1246.jpg", "3"
"2019-11-07-151706_1247.jpg", "3"
"2019-11-07-151706_1248.jpg", "3"
"2019-11-07-151706_1249.jpg", "3"
"2019-11-07-151706_1250.jpg", "3"
"2019-11-07-151706_1251.jpg", "3"
"2019-11-07-151706_1252.jpg", "3"
"2019-11-07-151706_1253.jpg", "3"
"2019-11-07-151706_1254.jpg", "3"
"2019-11-07-151706_1255.jpg", "3"
"2019-11-07-151706_1256.jpg", "3"
"2019-11-07-151706_1257.jpg", "3"
"2019-11-07-151706_1258.jpg", "3"
"2019-11-07-151706_1259.jpg", "3"
"2019-11-07-151706_1260.jpg", "3"
"2019-11-07-151706_1261.jpg", "3"
"2019-11-07-151706_1262.jpg", "3"
"2019-11-07-151706_1263.jpg", "3"
"2019-11-07-151706_1264.jpg", "3"
"2019-11-07-151706_1265.jpg", "3"
"2019-11-07-151706_1266.jpg", "3"
"2019-11-07-151706_1267.jpg", "3"
"2019-11-07-151706_1268.jpg", "3"
"2019-11-07-151706_1269.jpg", "3"
"2019-11-07-151706_1270.jpg", "3"
"2019-11-07-151706_1271.jpg", "3"
"2019-11-07-151706_1272.jpg", "3"
"2019-11-07-151706_1273.jpg", "3"
"2019-11-07-151706_1274.jpg", "3"
"2019-11-07-151706_1275.jpg", "3"
"2019-11-07-151706_1276.jpg", "3"
"2019-11-07-151706_1277.jpg", "3"
"2019-11-07-151706_150.jpg", "3"
"2019-11-07-151706_151.jpg", "3"
"2019-11-07-151706_152.jpg", "3"
"2019-11-07-151706_153.jpg", "3"
"2019-11-07-151706_154.jpg", "3"
"2019-11-07-151706_155.jpg", "3"
"2019-11-07-151706_156.jpg", "3"
"2019-11-07-151706_157.jpg", "3"
"2019-11-07-151706_158.jpg", "3"
"2019-11-07-151706_159.jpg", "3"
"2019-11-07-151706_160.jpg", "3"
"2019-11-07-151706_161.jpg", "3"
"2019-11-07-151706_162.jpg", "3"
"2019-11-07-151706_163.jpg", "3"
"2019-11-07-151706_164.jpg", "3"
"2019-11-07-151706_165.jpg", "3"
"2019-11-07-151706_166.jpg", "3"
"2019-11-07-151706_167.jpg", "3"
"2019-11-07-151706_168.jpg", "3"
"2019-11-07-151706_169.jpg", "3"
"2019-11-07-151706_170.jpg", "3"
"2019-11-07-151706_171.jpg", "3"
"2019-11-07-151706_172.jpg", "3"
"2019-11-07-151706_173.jpg", "3"
"2019-11-07-151706_174.jpg", "3"
"2019-11-07-151706_175.jpg", "3"
"2019-11-07-151706_176.jpg", "3"
"2019-11-07-151706_177.jpg", "3"
"2019-11-07-151706_178.jpg", "3"
"2019-11-07-151706_179.jpg", "3"
"2019-11-07-151706_180.jpg", "3"
"2019-11-07-151706_181.jpg", "3"
"2019-11-07-151706_182.jpg", "3"
"2019-11-07-151706_183.jpg", "3"
"2019-11-07-151706_184.jpg", "3"
"2019-11-07-151706_185.jpg", "3"
"2019-11-07-151706_186.jpg", "3"
"2019-11-07-151706_187.jpg", "3"
"2019-11-07-151706_188.jpg", "3"
"2019-11-07-151706_189.jpg", "3"
"2019-11-07-151706_190.jpg", "3"
"2019-11-07-151706_191.jpg", "3"
"2019-11-07-151706_192.jpg", "3"
"2019-11-07-151706_193.jpg", "3"
"2019-11-07-151706_194.jpg", "3"
"2019-11-07-151706_195.jpg", "3"
"2019-11-07-151706_196.jpg", "3"
"2019-11-07-151706_197.jpg", "3"
"2019-11-07-151706_198.jpg", "3"
"2019-11-07-151706_199.jpg", "3"
"2019-11-07-151706_200.jpg", "3"
"2019-11-07-151706_201.jpg", "3"
"2019-11-07-151706_202.jpg", "3"
"2019-11-07-151706_203.jpg", "3"
"2019-11-07-151706_204.jpg", "3"
"2019-11-07-151706_205.jpg", "3"
"2019-11-07-151706_206.jpg", "3"
"2019-11-07-151706_207.jpg", "3"
"2019-11-07-151706_208.jpg", "3"
"2019-11-07-151706_209.jpg", "3"
"2019-11-07-151706_210.jpg", "3"
"2019-11-07-151706_211.jpg", "3"
"2019-11-07-151706_212.jpg", "3"
"2019-11-07-151706_213.jpg", "3"
"2019-11-07-151706_214.jpg", "3"
"2019-11-07-151706_215.jpg", "3"
"2019-11-07-151706_216.jpg", "3"
"2019-11-07-151706_217.jpg", "3"
"2019-11-07-151706_218.jpg", "3"
"2019-11-07-151706_219.jpg", "3"
"2019-11-07-151706_220.jpg", "3"
"2019-11-07-151706_221.jpg", "3"
"2019-11-07-151706_222.jpg", "3"
"2019-11-07-151706_223.jpg", "3"
"2019-11-07-151706_224.jpg", "3"
"2019-11-07-151706_225.jpg", "3"
"2019-11-07-151706_226.jpg", "3"
"2019-11-07-151706_227.jpg", "3"
"2019-11-07-151706_228.jpg", "3"
"2019-11-07-151706_229.jpg", "3"
"2019-11-07-151706_230.jpg", "3"
"2019-11-07-151706_231.jpg", "3"
"2019-11-07-151706_232.jpg", "3"
"2019-11-07-151706_233.jpg", "3"
"2019-11-07-151706_234.jpg", "3"
"2019-11-07-151706_235.jpg", "3"
"2019-11-07-151706_236.jpg", "3"
"2019-11-07-151706_237.jpg", "3"
"2019-11-07-151706_238.jpg", "3"
"2019-11-07-151706_239.jpg", "3"
"2019-11-07-151706_240.jpg", "3"
"2019-11-07-151706_241.jpg", "3"
"2019-11-07-151706_242.jpg", "3"
"2019-11-07-151706_243.jpg", "3"
"2019-11-07-151706_244.jpg", "3"
"2019-11-07-151706_245.jpg", "3"
"2019-11-07-151706_246.jpg", "3"
"2019-11-07-151706_247.jpg", "3"
"2019-11-07-151706_248.jpg", "3"
"2019-11-07-151706_249.jpg", "3"
"2019-11-07-151706_250.jpg", "3"
"2019-11-07-151706_251.jpg", "3"
"2019-11-07-151706_252.jpg", "3"
"2019-11-07-151706_253.jpg", "3"
"2019-11-07-151706_254.jpg", "3"
"2019-11-07-151706_255.jpg", "3"
"2019-11-07-151706_256.jpg", "3"
"2019-11-07-151706_257.jpg", "3"
"2019-11-07-151706_258.jpg", "3"
"2019-11-07-151706_259.jpg", "3"
"2019-11-07-151706_260.jpg", "3"
"2019-11-07-151706_261.jpg", "3"
"2019-11-07-151706_262.jpg", "3"
"2019-11-07-151706_263.jpg", "3"
"2019-11-07-151706_264.jpg", "3"
"2019-11-07-151706_265.jpg", "3"
"2019-11-07-151706_266.jpg", "3"
"2019-11-07-151706_267.jpg", "3"
"2019-11-07-151706_268.jpg", "3"
"2019-11-07-151706_269.jpg", "3"
"2019-11-07-151706_270.jpg", "3"
"2019-11-07-151706_271.jpg", "3"
"2019-11-07-151706_272.jpg", "3"
"2019-11-07-151706_273.jpg", "3"
"2019-11-07-151706_274.jpg", "3"
"2019-11-07-151706_275.jpg", "3"
"2019-11-07-151706_276.jpg", "3"
"2019-11-07-151706_277.jpg", "3"
"2019-11-07-151706_278.jpg", "3"
"2019-11-07-151706_279.jpg", "3"
"2019-11-07-151706_280.jpg", "3"
"2019-11-07-151706_281.jpg", "3"
"2019-11-07-151706_282.jpg", "3"
"2019-11-07-151706_283.jpg", "3"
"2019-11-07-151706_284.jpg", "3"
"2019-11-07-151706_285.jpg", "3"
"2019-11-07-151706_286.jpg", "3"
"2019-11-07-151706_287.jpg", "3"
"2019-11-07-151706_288.jpg", "3"
"2019-11-07-151706_289.jpg", "3"
"2019-11-07-151706_290.jpg", "3"
"2019-11-07-151706_291.jpg", "3"
"2019-11-07-151706_292.jpg", "3"
"2019-11-07-151706_293.jpg", "3"
"2019-11-07-151706_294.jpg", "3"
"2019-11-07-151706_295.jpg", "3"
"2019-11-07-151706_296.jpg", "3"
"2019-11-07-151706_297.jpg", "3"
"2019-11-07-151706_298.jpg", "3"
"2019-11-07-151706_299.jpg", "3"
"2019-11-07-151706_300.jpg", "3"
"2019-11-07-151706_301.jpg", "3"
"2019-11-07-151706_302.jpg", "3"
"2019-11-07-151706_303.jpg", "3"
"2019-11-07-151706_304.jpg", "3"
"2019-11-07-151706_305.jpg", "3"
"2019-11-07-151706_306.jpg", "3"
"2019-11-07-151706_307.jpg", "3"
"2019-11-07-151706_308.jpg", "3"
"2019-11-07-151706_309.jpg", "3"
"2019-11-07-151706_310.jpg", "3"
"2019-11-07-151706_311.jpg", "3"
"2019-11-07-151706_312.jpg", "3"
"2019-11-07-151706_313.jpg", "3"
"2019-11-07-151706_314.jpg", "3"
"2019-11-07-151706_315.jpg", "3"
"2019-11-07-151706_316.jpg", "3"
"2019-11-07-151706_317.jpg", "3"
"2019-11-07-151706_318.jpg", "3"
"2019-11-07-151706_319.jpg", "3"
"2019-11-07-151706_320.jpg", "3"
"2019-11-07-151706_321.jpg", "3"
"2019-11-07-151706_322.jpg", "3"
"2019-11-07-151706_323.jpg", "3"
"2019-11-07-151706_324.jpg", "3"
"2019-11-07-151706_325.jpg", "3"
"2019-11-07-151706_326.jpg", "3"
"2019-11-07-151706_327.jpg", "3"
"2019-11-07-151706_328.jpg", "3"
"2019-11-07-151706_329.jpg", "3"
"2019-11-07-151706_330.jpg", "3"
"2019-11-07-151706_331.jpg", "3"
"2019-11-07-151706_332.jpg", "3"
"2019-11-07-151706_333.jpg", "3"
"2019-11-07-151706_334.jpg", "3"
"2019-11-07-151706_335.jpg", "3"
"2019-11-07-151706_336.jpg", "3"
"2019-11-07-151706_337.jpg", "3"
"2019-11-07-151706_338.jpg", "3"
"2019-11-07-151706_339.jpg", "3"
"2019-11-07-151706_340.jpg", "3"
"2019-11-07-151706_341.jpg", "3"
"2019-11-07-151706_342.jpg", "3"
"2019-11-07-151706_343.jpg", "3"
"2019-11-07-151706_344.jpg", "3"
"2019-11-07-151706_345.jpg", "3"
"2019-11-07-151706_346.jpg", "3"
"2019-11-07-151706_347.jpg", "3"
"2019-11-07-151706_348.jpg", "3"
"2019-11-07-151706_349.jpg", "3"
"2019-11-07-151706_350.jpg", "3"
"2019-11-07-151706_351.jpg", "3"
"2019-11-07-151706_352.jpg", "3"
"2019-11-07-151706_353.jpg", "3"
"2019-11-07-151706_354.jpg", "3"
"2019-11-07-151706_355.jpg", "3"
"2019-11-07-151706_356.jpg", "3"
"2019-11-07-151706_357.jpg", "3"
"2019-11-07-151706_358.jpg", "3"
"2019-11-07-151706_359.jpg", "3"
"2019-11-07-151706_360.jpg", "3"
"2019-11-07-151706_361.jpg", "3"
"2019-11-07-151706_362.jpg", "3"
"2019-11-07-151706_363.jpg", "3"
"2019-11-07-151706_364.jpg", "3"
"2019-11-07-151706_365.jpg", "3"
"2019-11-07-151706_366.jpg", "3"
"2019-11-07-151706_367.jpg", "3"
"2019-11-07-151706_368.jpg", "3"
"2019-11-07-151706_369.jpg", "3"
"2019-11-07-151706_370.jpg", "3"
"2019-11-07-151706_371.jpg", "3"
"2019-11-07-151706_372.jpg", "3"
"2019-11-07-151706_373.jpg", "3"
"2019-11-07-151706_374.jpg", "3"
"2019-11-07-151706_375.jpg", "3"
"2019-11-07-151706_376.jpg", "3"
"2019-11-07-151706_377.jpg", "3"
"2019-11-07-151706_378.jpg", "3"
"2019-11-07-151706_379.jpg", "3"
"2019-11-07-151706_380.jpg", "3"
"2019-11-07-151706_381.jpg", "3"
"2019-11-07-151706_382.jpg", "3"
"2019-11-07-151706_383.jpg", "3"
"2019-11-07-151706_384.jpg", "3"
"2019-11-07-151706_385.jpg", "3"
"2019-11-07-151706_386.jpg", "3"
"2019-11-07-151706_387.jpg", "3"
"2019-11-07-151706_388.jpg", "3"
"2019-11-07-151706_389.jpg", "3"
"2019-11-07-151706_390.jpg", "3"
"2019-11-07-151706_391.jpg", "3"
"2019-11-07-151706_392.jpg", "3"
"2019-11-07-151706_393.jpg", "3"
"2019-11-07-151706_394.jpg", "3"
"2019-11-07-151706_395.jpg", "3"
"2019-11-07-151706_396.jpg", "3"
"2019-11-07-151706_397.jpg", "3"
"2019-11-07-151706_398.jpg", "3"
"2019-11-07-151706_399.jpg", "3"
"2019-11-07-151706_400.jpg", "3"
"2019-11-07-151706_401.jpg", "3"
"2019-11-07-151706_402.jpg", "3"
"2019-11-07-151706_403.jpg", "3"
"2019-11-07-151706_404.jpg", "3"
"2019-11-07-151706_405.jpg", "3"
"2019-11-07-151706_406.jpg", "3"
"2019-11-07-151706_407.jpg", "3"
"2019-11-07-151706_408.jpg", "3"
"2019-11-07-151706_409.jpg", "3"
"2019-11-07-151706_410.jpg", "3"
"2019-11-07-151706_411.jpg", "3"
"2019-11-07-151706_412.jpg", "3"
"2019-11-07-151706_413.jpg", "3"
"2019-11-07-151706_414.jpg", "3"
"2019-11-07-151706_415.jpg", "3"
"2019-11-07-151706_416.jpg", "3"
"2019-11-07-151706_417.jpg", "3"
"2019-11-07-151706_418.jpg", "3"
"2019-11-07-151706_419.jpg", "3"
"2019-11-07-151706_420.jpg", "3"
"2019-11-07-151706_421.jpg", "3"
"2019-11-07-151706_422.jpg", "3"
"2019-11-07-151706_423.jpg", "3"
"2019-11-07-151706_424.jpg", "3"
"2019-11-07-151706_425.jpg", "3"
"2019-11-07-151706_426.jpg", "3"
"2019-11-07-151706_427.jpg", "3"
"2019-11-07-151706_428.jpg", "3"
"2019-11-07-151706_429.jpg", "3"
"2019-11-07-151706_430.jpg", "3"
"2019-11-07-151706_431.jpg", "3"
"2019-11-07-151706_432.jpg", "3"
"2019-11-07-151706_433.jpg", "3"
"2019-11-07-151706_434.jpg", "3"
"2019-11-07-151706_435.jpg", "3"
"2019-11-07-151706_436.jpg", "3"
"2019-11-07-151706_437.jpg", "3"
"2019-11-07-151706_438.jpg", "3"
"2019-11-07-151706_439.jpg", "3"
"2019-11-07-151706_440.jpg", "3"
"2019-11-07-151706_441.jpg", "3"
"2019-11-07-151706_442.jpg", "3"
"2019-11-07-151706_443.jpg", "3"
"2019-11-07-151706_444.jpg", "3"
"2019-11-07-151706_445.jpg", "3"
"2019-11-07-151706_446.jpg", "3"
"2019-11-07-151706_447.jpg", "3"
"2019-11-07-151706_448.jpg", "3"
"2019-11-07-151706_449.jpg", "3"
"2019-11-07-151706_450.jpg", "3"
"2019-11-07-151706_451.jpg", "3"
"2019-11-07-151706_452.jpg", "3"
"2019-11-07-151706_453.jpg", "3"
"2019-11-07-151706_454.jpg", "3"
"2019-11-07-151706_455.jpg", "3"
"2019-11-07-151706_456.jpg", "3"
"2019-11-07-151706_457.jpg", "3"
"2019-11-07-151706_458.jpg", "3"
"2019-11-07-151706_459.jpg", "3"
"2019-11-07-151706_460.jpg", "3"
"2019-11-07-151706_461.jpg", "3"
"2019-11-07-151706_462.jpg", "3"
"2019-11-07-151706_463.jpg", "3"
"2019-11-07-151706_464.jpg", "3"
"2019-11-07-151706_465.jpg", "3"
"2019-11-07-151706_466.jpg", "3"
"2019-11-07-151706_467.jpg", "3"
"2019-11-07-151706_468.jpg", "3"
"2019-11-07-151706_469.jpg", "3"
"2019-11-07-151706_470.jpg", "3"
"2019-11-07-151706_471.jpg", "3"
"2019-11-07-151706_472.jpg", "3"
"2019-11-07-151706_473.jpg", "3"
"2019-11-07-151706_474.jpg", "3"
"2019-11-07-151706_475.jpg", "3"
"2019-11-07-151706_476.jpg", "3"
"2019-11-07-151706_477.jpg", "3"
"2019-11-07-151706_478.jpg", "3"
"2019-11-07-151706_479.jpg", "3"
"2019-11-07-151706_480.jpg", "3"
"2019-11-07-151706_481.jpg", "3"
"2019-11-07-151706_482.jpg", "3"
"2019-11-07-151706_483.jpg", "3"
"2019-11-07-151706_484.jpg", "3"
"2019-11-07-151706_485.jpg", "3"
"2019-11-07-151706_486.jpg", "3"
"2019-11-07-151706_487.jpg", "3"
"2019-11-07-151706_488.jpg", "3"
"2019-11-07-151706_489.jpg", "3"
"2019-11-07-151706_490.jpg", "3"
"2019-11-07-151706_491.jpg", "3"
"2019-11-07-151706_492.jpg", "3"
"2019-11-07-151706_493.jpg", "3"
"2019-11-07-151706_494.jpg", "3"
"2019-11-07-151706_495.jpg", "3"
"2019-11-07-151706_496.jpg", "3"
"2019-11-07-151706_497.jpg", "3"
"2019-11-07-151706_498.jpg", "3"
"2019-11-07-151706_499.jpg", "3"
"2019-11-07-151706_500.jpg", "3"
"2019-11-07-151706_501.jpg", "3"
"2019-11-07-151706_502.jpg", "3"
"2019-11-07-151706_503.jpg", "3"
"2019-11-07-151706_504.jpg", "3"
"2019-11-07-151706_505.jpg", "3"
"2019-11-07-151706_506.jpg", "3"
"2019-11-07-151706_507.jpg", "3"
"2019-11-07-151706_508.jpg", "3"
"2019-11-07-151706_509.jpg", "3"
"2019-11-07-151706_510.jpg", "3"
"2019-11-07-151706_511.jpg", "3"
"2019-11-07-151706_512.jpg", "3"
"2019-11-07-151706_513.jpg", "3"
"2019-11-07-151706_514.jpg", "3"
"2019-11-07-151706_515.jpg", "3"
"2019-11-07-151706_516.jpg", "3"
"2019-11-07-151706_517.jpg", "3"
"2019-11-07-151706_518.jpg", "3"
"2019-11-07-151706_519.jpg", "3"
"2019-11-07-151706_520.jpg", "3"
"2019-11-07-151706_521.jpg", "3"
"2019-11-07-151706_522.jpg", "3"
"2019-11-07-151706_523.jpg", "3"
"2019-11-07-151706_524.jpg", "3"
"2019-11-07-151706_525.jpg", "3"
"2019-11-07-151706_526.jpg", "3"
"2019-11-07-151706_527.jpg", "3"
"2019-11-07-151706_528.jpg", "3"
"2019-11-07-151706_529.jpg", "3"
"2019-11-07-151706_530.jpg", "3"
"2019-11-07-151706_531.jpg", "3"
"2019-11-07-151706_532.jpg", "3"
"2019-11-07-151706_533.jpg", "3"
"2019-11-07-151706_534.jpg", "3"
"2019-11-07-151706_535.jpg", "3"
"2019-11-07-151706_536.jpg", "3"
"2019-11-07-151706_537.jpg", "3"
"2019-11-07-151706_538.jpg", "3"
"2019-11-07-151706_539.jpg", "3"
"2019-11-07-151706_540.jpg", "3"
"2019-11-07-151706_541.jpg", "3"
"2019-11-07-151706_542.jpg", "3"
"2019-11-07-151706_543.jpg", "3"
"2019-11-07-151706_544.jpg", "3"
"2019-11-07-151706_545.jpg", "3"
"2019-11-07-151706_546.jpg", "3"
"2019-11-07-151706_547.jpg", "3"
"2019-11-07-151706_548.jpg", "3"
"2019-11-07-151706_549.jpg", "3"
"2019-11-07-151706_550.jpg", "3"
"2019-11-07-151706_551.jpg", "3"
"2019-11-07-151706_552.jpg", "3"
"2019-11-07-151706_553.jpg", "3"
"2019-11-07-151706_554.jpg", "3"
"2019-11-07-151706_555.jpg", "3"
"2019-11-07-151706_556.jpg", "3"
"2019-11-07-151706_557.jpg", "3"
"2019-11-07-151706_558.jpg", "3"
"2019-11-07-151706_559.jpg", "3"
"2019-11-07-151706_560.jpg", "3"
"2019-11-07-151706_561.jpg", "3"
"2019-11-07-151706_562.jpg", "3"
"2019-11-07-151706_563.jpg", "3"
"2019-11-07-151706_564.jpg", "3"
"2019-11-07-151706_565.jpg", "3"
"2019-11-07-151706_566.jpg", "3"
"2019-11-07-151706_567.jpg", "3"
"2019-11-07-151706_568.jpg", "3"
"2019-11-07-151706_569.jpg", "3"
"2019-11-07-151706_570.jpg", "3"
"2019-11-07-151706_571.jpg", "3"
"2019-11-07-151706_572.jpg", "3"
"2019-11-07-151706_573.jpg", "3"
"2019-11-07-151706_574.jpg", "3"
"2019-11-07-151706_575.jpg", "3"
"2019-11-07-151706_576.jpg", "3"
"2019-11-07-151706_577.jpg", "3"
"2019-11-07-151706_578.jpg", "3"
"2019-11-07-151706_579.jpg", "3"
"2019-11-07-151706_580.jpg", "3"
"2019-11-07-151706_581.jpg", "3"
"2019-11-07-151706_582.jpg", "3"
"2019-11-07-151706_583.jpg", "3"
"2019-11-07-151706_584.jpg", "3"
"2019-11-07-151706_585.jpg", "3"
"2019-11-07-151706_586.jpg", "3"
"2019-11-07-151706_587.jpg", "3"
"2019-11-07-151706_588.jpg", "3"
"2019-11-07-151706_589.jpg", "3"
"2019-11-07-151706_590.jpg", "3"
"2019-11-07-151706_591.jpg", "3"
"2019-11-07-151706_592.jpg", "3"
"2019-11-07-151706_593.jpg", "3"
"2019-11-07-151706_594.jpg", "3"
"2019-11-07-151706_595.jpg", "3"
"2019-11-07-151706_596.jpg", "3"
"2019-11-07-151706_597.jpg", "3"
"2019-11-07-151706_598.jpg", "3"
"2019-11-07-151706_599.jpg", "3"
"2019-11-07-151706_600.jpg", "3"
"2019-11-07-151706_601.jpg", "3"
"2019-11-07-151706_602.jpg", "3"
"2019-11-07-151706_603.jpg", "3"
"2019-11-07-151706_604.jpg", "3"
"2019-11-07-151706_605.jpg", "3"
"2019-11-07-151706_606.jpg", "3"
"2019-11-07-151706_607.jpg", "3"
"2019-11-07-151706_608.jpg", "3"
"2019-11-07-151706_609.jpg", "3"
"2019-11-07-151706_610.jpg", "3"
"2019-11-07-151706_611.jpg", "3"
"2019-11-07-151706_612.jpg", "3"
"2019-11-07-151706_613.jpg", "3"
"2019-11-07-151706_614.jpg", "3"
"2019-11-07-151706_615.jpg", "3"
"2019-11-07-151706_616.jpg", "3"
"2019-11-07-151706_617.jpg", "3"
"2019-11-07-151706_618.jpg", "3"
"2019-11-07-151706_619.jpg", "3"
"2019-11-07-151706_620.jpg", "3"
"2019-11-07-151706_621.jpg", "3"
"2019-11-07-151706_622.jpg", "3"
"2019-11-07-151706_623.jpg", "3"
"2019-11-07-151706_624.jpg", "3"
"2019-11-07-151706_625.jpg", "3"
"2019-11-07-151706_626.jpg", "3"
"2019-11-07-151706_627.jpg", "3"
"2019-11-07-151706_628.jpg", "3"
"2019-11-07-151706_629.jpg", "3"
"2019-11-07-151706_630.jpg", "3"
"2019-11-07-151706_631.jpg", "3"
"2019-11-07-151706_632.jpg", "3"
"2019-11-07-151706_633.jpg", "3"
"2019-11-07-151706_634.jpg", "3"
"2019-11-07-151706_635.jpg", "3"
"2019-11-07-151706_636.jpg", "3"
"2019-11-07-151706_637.jpg", "3"
"2019-11-07-151706_638.jpg", "3"
"2019-11-07-151706_639.jpg", "3"
"2019-11-07-151706_640.jpg", "3"
"2019-11-07-151706_641.jpg", "3"
"2019-11-07-151706_642.jpg", "3"
"2019-11-07-151706_643.jpg", "3"
"2019-11-07-151706_644.jpg", "3"
"2019-11-07-151706_645.jpg", "3"
"2019-11-07-151706_646.jpg", "3"
"2019-11-07-151706_647.jpg", "3"
"2019-11-07-151706_648.jpg", "3"
"2019-11-07-151706_649.jpg", "3"
"2019-11-07-151706_650.jpg", "3"
"2019-11-07-151706_651.jpg", "3"
"2019-11-07-151706_652.jpg", "3"
"2019-11-07-151706_653.jpg", "3"
"2019-11-07-151706_654.jpg", "3"
"2019-11-07-151706_655.jpg", "3"
"2019-11-07-151706_656.jpg", "3"
"2019-11-07-151706_657.jpg", "3"
"2019-11-07-151706_658.jpg", "3"
"2019-11-07-151706_659.jpg", "3"
"2019-11-07-151706_660.jpg", "3"
"2019-11-07-151706_661.jpg", "3"
"2019-11-07-151706_662.jpg", "3"
"2019-11-07-151706_663.jpg", "3"
"2019-11-07-151706_664.jpg", "3"
"2019-11-07-151706_665.jpg", "3"
"2019-11-07-151706_666.jpg", "3"
"2019-11-07-151706_667.jpg", "3"
"2019-11-07-151706_668.jpg", "3"
"2019-11-07-151706_669.jpg", "3"
"2019-11-07-151706_670.jpg", "3"
"2019-11-07-151706_671.jpg", "3"
"2019-11-07-151706_672.jpg", "3"
"2019-11-07-151706_673.jpg", "3"
"2019-11-07-151706_674.jpg", "3"
"2019-11-07-151706_675.jpg", "3"
"2019-11-07-151706_676.jpg", "3"
"2019-11-07-151706_677.jpg", "3"
"2019-11-07-151706_678.jpg", "3"
"2019-11-07-151706_679.jpg", "3"
"2019-11-07-151706_680.jpg", "3"
"2019-11-07-151706_681.jpg", "3"
"2019-11-07-151706_682.jpg", "3"
"2019-11-07-151706_683.jpg", "3"
"2019-11-07-151706_684.jpg", "3"
"2019-11-07-151706_685.jpg", "3"
"2019-11-07-151706_686.jpg", "3"
"2019-11-07-151706_687.jpg", "3"
"2019-11-07-151706_688.jpg", "3"
"2019-11-07-151706_689.jpg", "3"
"2019-11-07-151706_690.jpg", "3"
"2019-11-07-151706_691.jpg", "3"
"2019-11-07-151706_692.jpg", "3"
"2019-11-07-151706_693.jpg", "3"
"2019-11-07-151706_694.jpg", "3"
"2019-11-07-151706_695.jpg", "3"
"2019-11-07-151706_696.jpg", "3"
"2019-11-07-151706_697.jpg", "3"
"2019-11-07-151706_698.jpg", "3"
"2019-11-07-151706_699.jpg", "3"
"2019-11-07-151706_69.jpg", "3"
"2019-11-07-151706_700.jpg", "3"
"2019-11-07-151706_701.jpg", "3"
"2019-11-07-151706_702.jpg", "3"
"2019-11-07-151706_703.jpg", "3"
"2019-11-07-151706_704.jpg", "3"
"2019-11-07-151706_705.jpg", "3"
"2019-11-07-151706_706.jpg", "3"
"2019-11-07-151706_707.jpg", "3"
"2019-11-07-151706_708.jpg", "3"
"2019-11-07-151706_709.jpg", "3"
"2019-11-07-151706_70.jpg", "3"
"2019-11-07-151706_710.jpg", "3"
"2019-11-07-151706_711.jpg", "3"
"2019-11-07-151706_712.jpg", "3"
"2019-11-07-151706_713.jpg", "3"
"2019-11-07-151706_714.jpg", "3"
"2019-11-07-151706_715.jpg", "3"
"2019-11-07-151706_716.jpg", "3"
"2019-11-07-151706_717.jpg", "3"
"2019-11-07-151706_718.jpg", "3"
"2019-11-07-151706_719.jpg", "3"
"2019-11-07-151706_71.jpg", "3"
"2019-11-07-151706_720.jpg", "3"
"2019-11-07-151706_721.jpg", "3"
"2019-11-07-151706_722.jpg", "3"
"2019-11-07-151706_723.jpg", "3"
"2019-11-07-151706_724.jpg", "3"
"2019-11-07-151706_725.jpg", "3"
"2019-11-07-151706_726.jpg", "3"
"2019-11-07-151706_727.jpg", "3"
"2019-11-07-151706_728.jpg", "3"
"2019-11-07-151706_729.jpg", "3"
"2019-11-07-151706_72.jpg", "3"
"2019-11-07-151706_730.jpg", "3"
"2019-11-07-151706_731.jpg", "3"
"2019-11-07-151706_732.jpg", "3"
"2019-11-07-151706_733.jpg", "3"
"2019-11-07-151706_734.jpg", "3"
"2019-11-07-151706_735.jpg", "3"
"2019-11-07-151706_736.jpg", "3"
"2019-11-07-151706_737.jpg", "3"
"2019-11-07-151706_738.jpg", "3"
"2019-11-07-151706_739.jpg", "3"
"2019-11-07-151706_73.jpg", "3"
"2019-11-07-151706_740.jpg", "3"
"2019-11-07-151706_741.jpg", "3"
"2019-11-07-151706_742.jpg", "3"
"2019-11-07-151706_743.jpg", "3"
"2019-11-07-151706_744.jpg", "3"
"2019-11-07-151706_745.jpg", "3"
"2019-11-07-151706_746.jpg", "3"
"2019-11-07-151706_747.jpg", "3"
"2019-11-07-151706_748.jpg", "3"
"2019-11-07-151706_749.jpg", "3"
"2019-11-07-151706_74.jpg", "3"
"2019-11-07-151706_750.jpg", "3"
"2019-11-07-151706_751.jpg", "3"
"2019-11-07-151706_752.jpg", "3"
"2019-11-07-151706_753.jpg", "3"
"2019-11-07-151706_754.jpg", "3"
"2019-11-07-151706_755.jpg", "3"
"2019-11-07-151706_756.jpg", "3"
"2019-11-07-151706_757.jpg", "3"
"2019-11-07-151706_758.jpg", "3"
"2019-11-07-151706_759.jpg", "3"
"2019-11-07-151706_75.jpg", "3"
"2019-11-07-151706_760.jpg", "3"
"2019-11-07-151706_761.jpg", "3"
"2019-11-07-151706_762.jpg", "3"
"2019-11-07-151706_763.jpg", "3"
"2019-11-07-151706_764.jpg", "3"
"2019-11-07-151706_765.jpg", "3"
"2019-11-07-151706_766.jpg", "3"
"2019-11-07-151706_767.jpg", "3"
"2019-11-07-151706_768.jpg", "3"
"2019-11-07-151706_769.jpg", "3"
"2019-11-07-151706_76.jpg", "3"
"2019-11-07-151706_770.jpg", "3"
"2019-11-07-151706_771.jpg", "3"
"2019-11-07-151706_772.jpg", "3"
"2019-11-07-151706_773.jpg", "3"
"2019-11-07-151706_77.jpg", "3"
"2019-11-07-151706_78.jpg", "3"
"2019-11-07-151706_79.jpg", "3"
"2019-11-07-151706_80.jpg", "3"
"2019-11-07-151706_81.jpg", "3"
"2019-11-07-151706_82.jpg", "3"
"2019-11-07-151706_83.jpg", "3"
"2019-11-07-151706_84.jpg", "3"
"2019-11-07-151706_85.jpg", "3"
"2019-11-07-151706_86.jpg", "3"
"2019-11-07-151706_87.jpg", "3"
"2019-11-07-151706_88.jpg", "3"
"2019-11-07-151706_89.jpg", "3"
"2019-11-07-151706_90.jpg", "3"
"2019-11-07-151706_91.jpg", "3"
"2019-11-07-151706_92.jpg", "3"
"2019-11-07-151706_93.jpg", "3"
"2019-11-07-151706_94.jpg", "3"
"2019-11-07-151706_95.jpg", "3"
"2019-11-07-151706_96.jpg", "3"
"2019-11-07-151706_97.jpg", "3"
"2019-11-07-151706_98.jpg", "3"
"2019-11-07-151706_99.jpg", "3"
"2019-11-07-152148_100.jpg", "3"
"2019-11-07-152148_101.jpg", "3"
"2019-11-07-152148_102.jpg", "3"
"2019-11-07-152148_103.jpg", "3"
"2019-11-07-152148_104.jpg", "3"
"2019-11-07-152148_105.jpg", "3"
"2019-11-07-152148_106.jpg", "3"
"2019-11-07-152148_107.jpg", "3"
"2019-11-07-152148_108.jpg", "3"
"2019-11-07-152148_109.jpg", "3"
"2019-11-07-152148_110.jpg", "3"
"2019-11-07-152148_111.jpg", "3"
"2019-11-07-152148_112.jpg", "3"
"2019-11-07-152148_163.jpg", "3"
"2019-11-07-152148_164.jpg", "3"
"2019-11-07-152148_165.jpg", "3"
"2019-11-07-152148_166.jpg", "3"
"2019-11-07-152148_167.jpg", "3"
"2019-11-07-152148_168.jpg", "3"
"2019-11-07-152148_169.jpg", "3"
"2019-11-07-152148_170.jpg", "3"
"2019-11-07-152148_171.jpg", "3"
"2019-11-07-152148_172.jpg", "3"
"2019-11-07-152148_173.jpg", "3"
"2019-11-07-152148_174.jpg", "3"
"2019-11-07-152148_175.jpg", "3"
"2019-11-07-152148_176.jpg", "3"
"2019-11-07-152148_177.jpg", "3"
"2019-11-07-152148_178.jpg", "3"
"2019-11-07-152148_179.jpg", "3"
"2019-11-07-152148_180.jpg", "3"
"2019-11-07-152148_181.jpg", "3"
"2019-11-07-152148_182.jpg", "3"
"2019-11-07-152148_183.jpg", "3"
"2019-11-07-152148_184.jpg", "3"
"2019-11-07-152148_185.jpg", "3"
"2019-11-07-152148_186.jpg", "3"
"2019-11-07-152148_187.jpg", "3"
"2019-11-07-152148_188.jpg", "3"
"2019-11-07-152148_189.jpg", "3"
"2019-11-07-152148_190.jpg", "3"
"2019-11-07-152148_191.jpg", "3"
"2019-11-07-152148_192.jpg", "3"
"2019-11-07-152148_193.jpg", "3"
"2019-11-07-152148_194.jpg", "3"
"2019-11-07-152148_195.jpg", "3"
"2019-11-07-152148_196.jpg", "3"
"2019-11-07-152148_197.jpg", "3"
"2019-11-07-152148_198.jpg", "3"
"2019-11-07-152148_199.jpg", "3"
"2019-11-07-152148_200.jpg", "3"
"2019-11-07-152148_201.jpg", "3"
"2019-11-07-152148_202.jpg", "3"
"2019-11-07-152148_203.jpg", "3"
"2019-11-07-152148_204.jpg", "3"
"2019-11-07-152148_205.jpg", "3"
"2019-11-07-152148_206.jpg", "3"
"2019-11-07-152148_207.jpg", "3"
"2019-11-07-152148_208.jpg", "3"
"2019-11-07-152148_209.jpg", "3"
"2019-11-07-152148_210.jpg", "3"
"2019-11-07-152148_211.jpg", "3"
"2019-11-07-152148_212.jpg", "3"
"2019-11-07-152148_213.jpg", "3"
"2019-11-07-152148_214.jpg", "3"
"2019-11-07-152148_215.jpg", "3"
"2019-11-07-152148_216.jpg", "3"
"2019-11-07-152148_217.jpg", "3"
"2019-11-07-152148_218.jpg", "3"
"2019-11-07-152148_219.jpg", "3"
"2019-11-07-152148_220.jpg", "3"
"2019-11-07-152148_221.jpg", "3"
"2019-11-07-152148_222.jpg", "3"
"2019-11-07-152148_223.jpg", "3"
"2019-11-07-152148_224.jpg", "3"
"2019-11-07-152148_225.jpg", "3"
"2019-11-07-152148_226.jpg", "3"
"2019-11-07-152148_227.jpg", "3"
"2019-11-07-152148_228.jpg", "3"
"2019-11-07-152148_229.jpg", "3"
"2019-11-07-152148_230.jpg", "3"
"2019-11-07-152148_231.jpg", "3"
"2019-11-07-152148_232.jpg", "3"
"2019-11-07-152148_233.jpg", "3"
"2019-11-07-152148_234.jpg", "3"
"2019-11-07-152148_235.jpg", "3"
"2019-11-07-152148_236.jpg", "3"
"2019-11-07-152148_237.jpg", "3"
"2019-11-07-152148_238.jpg", "3"
"2019-11-07-152148_239.jpg", "3"
"2019-11-07-152148_240.jpg", "3"
"2019-11-07-152148_241.jpg", "3"
"2019-11-07-152148_242.jpg", "3"
"2019-11-07-152148_243.jpg", "3"
"2019-11-07-152148_244.jpg", "3"
"2019-11-07-152148_245.jpg", "3"
"2019-11-07-152148_246.jpg", "3"
"2019-11-07-152148_247.jpg", "3"
"2019-11-07-152148_248.jpg", "3"
"2019-11-07-152148_249.jpg", "3"
"2019-11-07-152148_250.jpg", "3"
"2019-11-07-152148_251.jpg", "3"
"2019-11-07-152148_252.jpg", "3"
"2019-11-07-152148_253.jpg", "3"
"2019-11-07-152148_254.jpg", "3"
"2019-11-07-152148_255.jpg", "3"
"2019-11-07-152148_256.jpg", "3"
"2019-11-07-152148_257.jpg", "3"
"2019-11-07-152148_258.jpg", "3"
"2019-11-07-152148_259.jpg", "3"
"2019-11-07-152148_260.jpg", "3"
"2019-11-07-152148_261.jpg", "3"
"2019-11-07-152148_262.jpg", "3"
"2019-11-07-152148_263.jpg", "3"
"2019-11-07-152148_264.jpg", "3"
"2019-11-07-152148_265.jpg", "3"
"2019-11-07-152148_266.jpg", "3"
"2019-11-07-152148_267.jpg", "3"
"2019-11-07-152148_268.jpg", "3"
"2019-11-07-152148_269.jpg", "3"
"2019-11-07-152148_270.jpg", "3"
"2019-11-07-152148_271.jpg", "3"
"2019-11-07-152148_272.jpg", "3"
"2019-11-07-152148_273.jpg", "3"
"2019-11-07-152148_274.jpg", "3"
"2019-11-07-152148_275.jpg", "3"
"2019-11-07-152148_276.jpg", "3"
"2019-11-07-152148_277.jpg", "3"
"2019-11-07-152148_278.jpg", "3"
"2019-11-07-152148_279.jpg", "3"
"2019-11-07-152148_280.jpg", "3"
"2019-11-07-152148_281.jpg", "3"
"2019-11-07-152148_282.jpg", "3"
"2019-11-07-152148_283.jpg", "3"
"2019-11-07-152148_284.jpg", "3"
"2019-11-07-152148_285.jpg", "3"
"2019-11-07-152148_286.jpg", "3"
"2019-11-07-152148_287.jpg", "3"
"2019-11-07-152148_288.jpg", "3"
"2019-11-07-152148_289.jpg", "3"
"2019-11-07-152148_290.jpg", "3"
"2019-11-07-152148_291.jpg", "3"
"2019-11-07-152148_292.jpg", "3"
"2019-11-07-152148_293.jpg", "3"
"2019-11-07-152148_294.jpg", "3"
"2019-11-07-152148_295.jpg", "3"
"2019-11-07-152148_296.jpg", "3"
"2019-11-07-152148_297.jpg", "3"
"2019-11-07-152148_298.jpg", "3"
"2019-11-07-152148_299.jpg", "3"
"2019-11-07-152148_300.jpg", "3"
"2019-11-07-152148_301.jpg", "3"
"2019-11-07-152148_302.jpg", "3"
"2019-11-07-152148_303.jpg", "3"
"2019-11-07-152148_304.jpg", "3"
"2019-11-07-152148_305.jpg", "3"
"2019-11-07-152148_306.jpg", "3"
"2019-11-07-152148_307.jpg", "3"
"2019-11-07-152148_308.jpg", "3"
"2019-11-07-152148_309.jpg", "3"
"2019-11-07-152148_310.jpg", "3"
"2019-11-07-152148_311.jpg", "3"
"2019-11-07-152148_312.jpg", "3"
"2019-11-07-152148_313.jpg", "3"
"2019-11-07-152148_314.jpg", "3"
"2019-11-07-152148_315.jpg", "3"
"2019-11-07-152148_316.jpg", "3"
"2019-11-07-152148_317.jpg", "3"
"2019-11-07-152148_318.jpg", "3"
"2019-11-07-152148_319.jpg", "3"
"2019-11-07-152148_320.jpg", "3"
"2019-11-07-152148_321.jpg", "3"
"2019-11-07-152148_322.jpg", "3"
"2019-11-07-152148_323.jpg", "3"
"2019-11-07-152148_324.jpg", "3"
"2019-11-07-152148_325.jpg", "3"
"2019-11-07-152148_326.jpg", "3"
"2019-11-07-152148_327.jpg", "3"
"2019-11-07-152148_328.jpg", "3"
"2019-11-07-152148_329.jpg", "3"
"2019-11-07-152148_330.jpg", "3"
"2019-11-07-152148_331.jpg", "3"
"2019-11-07-152148_332.jpg", "3"
"2019-11-07-152148_333.jpg", "3"
"2019-11-07-152148_334.jpg", "3"
"2019-11-07-152148_335.jpg", "3"
"2019-11-07-152148_336.jpg", "3"
"2019-11-07-152148_337.jpg", "3"
"2019-11-07-152148_338.jpg", "3"
"2019-11-07-152148_339.jpg", "3"
"2019-11-07-152148_33.jpg", "3"
"2019-11-07-152148_340.jpg", "3"
"2019-11-07-152148_341.jpg", "3"
"2019-11-07-152148_342.jpg", "3"
"2019-11-07-152148_343.jpg", "3"
"2019-11-07-152148_344.jpg", "3"
"2019-11-07-152148_345.jpg", "3"
"2019-11-07-152148_346.jpg", "3"
"2019-11-07-152148_347.jpg", "3"
"2019-11-07-152148_348.jpg", "3"
"2019-11-07-152148_349.jpg", "3"
"2019-11-07-152148_34.jpg", "3"
"2019-11-07-152148_350.jpg", "3"
"2019-11-07-152148_351.jpg", "3"
"2019-11-07-152148_352.jpg", "3"
"2019-11-07-152148_353.jpg", "3"
"2019-11-07-152148_354.jpg", "3"
"2019-11-07-152148_355.jpg", "3"
"2019-11-07-152148_356.jpg", "3"
"2019-11-07-152148_357.jpg", "3"
"2019-11-07-152148_358.jpg", "3"
"2019-11-07-152148_359.jpg", "3"
"2019-11-07-152148_35.jpg", "3"
"2019-11-07-152148_360.jpg", "3"
"2019-11-07-152148_361.jpg", "3"
"2019-11-07-152148_362.jpg", "3"
"2019-11-07-152148_363.jpg", "3"
"2019-11-07-152148_364.jpg", "3"
"2019-11-07-152148_365.jpg", "3"
"2019-11-07-152148_366.jpg", "3"
"2019-11-07-152148_367.jpg", "3"
"2019-11-07-152148_368.jpg", "3"
"2019-11-07-152148_369.jpg", "3"
"2019-11-07-152148_36.jpg", "3"
"2019-11-07-152148_370.jpg", "3"
"2019-11-07-152148_37.jpg", "3"
"2019-11-07-152148_38.jpg", "3"
"2019-11-07-152148_39.jpg", "3"
"2019-11-07-152148_40.jpg", "3"
"2019-11-07-152148_41.jpg", "3"
"2019-11-07-152148_42.jpg", "3"
"2019-11-07-152148_43.jpg", "3"
"2019-11-07-152148_44.jpg", "3"
"2019-11-07-152148_45.jpg", "3"
"2019-11-07-152148_46.jpg", "3"
"2019-11-07-152148_47.jpg", "3"
"2019-11-07-152148_48.jpg", "3"
"2019-11-07-152148_49.jpg", "3"
"2019-11-07-152148_50.jpg", "3"
"2019-11-07-152148_51.jpg", "3"
"2019-11-07-152148_52.jpg", "3"
"2019-11-07-152148_53.jpg", "3"
"2019-11-07-152148_54.jpg", "3"
"2019-11-07-152148_55.jpg", "3"
"2019-11-07-152148_56.jpg", "3"
"2019-11-07-152148_57.jpg", "3"
"2019-11-07-152148_58.jpg", "3"
"2019-11-07-152148_59.jpg", "3"
"2019-11-07-152148_60.jpg", "3"
"2019-11-07-152148_61.jpg", "3"
"2019-11-07-152148_62.jpg", "3"
"2019-11-07-152148_63.jpg", "3"
"2019-11-07-152148_64.jpg", "3"
"2019-11-07-152148_65.jpg", "3"
"2019-11-07-152148_66.jpg", "3"
"2019-11-07-152148_67.jpg", "3"
"2019-11-07-152148_68.jpg", "3"
"2019-11-07-152148_69.jpg", "3"
"2019-11-07-152148_70.jpg", "3"
"2019-11-07-152148_71.jpg", "3"
"2019-11-07-152148_72.jpg", "3"
"2019-11-07-152148_73.jpg", "3"
"2019-11-07-152148_74.jpg", "3"
"2019-11-07-152148_75.jpg", "3"
"2019-11-07-152148_76.jpg", "3"
"2019-11-07-152148_77.jpg", "3"
"2019-11-07-152148_78.jpg", "3"
"2019-11-07-152148_79.jpg", "3"
"2019-11-07-152148_80.jpg", "3"
"2019-11-07-152148_81.jpg", "3"
"2019-11-07-152148_82.jpg", "3"
"2019-11-07-152148_83.jpg", "3"
"2019-11-07-152148_84.jpg", "3"
"2019-11-07-152148_85.jpg", "3"
"2019-11-07-152148_86.jpg", "3"
"2019-11-07-152148_87.jpg", "3"
"2019-11-07-152148_88.jpg", "3"
"2019-11-07-152148_89.jpg", "3"
"2019-11-07-152148_90.jpg", "3"
"2019-11-07-152148_91.jpg", "3"
"2019-11-07-152148_92.jpg", "3"
"2019-11-07-152148_93.jpg", "3"
"2019-11-07-152148_94.jpg", "3"
"2019-11-07-152148_95.jpg", "3"
"2019-11-07-152148_96.jpg", "3"
"2019-11-07-152148_97.jpg", "3"
"2019-11-07-152148_98.jpg", "3"
"2019-11-07-152148_99.jpg", "3"
