"2019-11-07-151940_100.jpg", "1"
"2019-11-07-151940_102.jpg", "1"
"2019-11-07-151940_104.jpg", "1"
"2019-11-07-151940_130.jpg", "1"
"2019-11-07-151940_131.jpg", "1"
"2019-11-07-151940_132.jpg", "1"
"2019-11-07-151940_133.jpg", "1"
"2019-11-07-151940_134.jpg", "1"
"2019-11-07-151940_135.jpg", "1"
"2019-11-07-151940_136.jpg", "1"
"2019-11-07-151940_137.jpg", "1"
"2019-11-07-151940_138.jpg", "1"
"2019-11-07-151940_139.jpg", "1"
"2019-11-07-151940_140.jpg", "1"
"2019-11-07-151940_141.jpg", "1"
"2019-11-07-151940_142.jpg", "1"
"2019-11-07-151940_143.jpg", "1"
"2019-11-07-151940_144.jpg", "1"
"2019-11-07-151940_145.jpg", "1"
"2019-11-07-151940_147.jpg", "1"
"2019-11-07-151940_149.jpg", "1"
"2019-11-07-151940_151.jpg", "1"
"2019-11-07-151940_153.jpg", "1"
"2019-11-07-151940_155.jpg", "1"
"2019-11-07-151940_157.jpg", "1"
"2019-11-07-151940_159.jpg", "1"
"2019-11-07-151940_160.jpg", "1"
"2019-11-07-151940_161.jpg", "1"
"2019-11-07-151940_162.jpg", "1"
"2019-11-07-151940_164.jpg", "1"
"2019-11-07-151940_166.jpg", "1"
"2019-11-07-151940_168.jpg", "1"
"2019-11-07-151940_170.jpg", "1"
"2019-11-07-151940_171.jpg", "1"
"2019-11-07-151940_173.jpg", "1"
"2019-11-07-151940_175.jpg", "1"
"2019-11-07-151940_177.jpg", "1"
"2019-11-07-151940_179.jpg", "1"
"2019-11-07-151940_181.jpg", "1"
"2019-11-07-151940_183.jpg", "1"
"2019-11-07-151940_185.jpg", "1"
"2019-11-07-151940_187.jpg", "1"
"2019-11-07-151940_189.jpg", "1"
"2019-11-07-151940_191.jpg", "1"
"2019-11-07-151940_193.jpg", "1"
"2019-11-07-151940_195.jpg", "1"
"2019-11-07-151940_197.jpg", "1"
"2019-11-07-151940_198.jpg", "1"
"2019-11-07-151940_200.jpg", "1"
"2019-11-07-151940_202.jpg", "1"
"2019-11-07-151940_204.jpg", "1"
"2019-11-07-151940_206.jpg", "1"
"2019-11-07-151940_208.jpg", "1"
"2019-11-07-151940_210.jpg", "1"
"2019-11-07-151940_212.jpg", "1"
"2019-11-07-151940_214.jpg", "1"
"2019-11-07-151940_216.jpg", "1"
"2019-11-07-151940_218.jpg", "1"
"2019-11-07-151940_220.jpg", "1"
"2019-11-07-151940_222.jpg", "1"
"2019-11-07-151940_224.jpg", "1"
"2019-11-07-151940_226.jpg", "1"
"2019-11-07-151940_228.jpg", "1"
"2019-11-07-151940_230.jpg", "1"
"2019-11-07-151940_232.jpg", "1"
"2019-11-07-151940_234.jpg", "1"
"2019-11-07-151940_236.jpg", "1"
"2019-11-07-151940_238.jpg", "1"
"2019-11-07-151940_240.jpg", "1"
"2019-11-07-151940_242.jpg", "1"
"2019-11-07-151940_244.jpg", "1"
"2019-11-07-151940_246.jpg", "1"
"2019-11-07-151940_248.jpg", "1"
"2019-11-07-151940_250.jpg", "1"
"2019-11-07-151940_252.jpg", "1"
"2019-11-07-151940_364.jpg", "1"
"2019-11-07-151940_366.jpg", "1"
"2019-11-07-151940_367.jpg", "1"
"2019-11-07-151940_368.jpg", "1"
"2019-11-07-151940_369.jpg", "1"
"2019-11-07-151940_375.jpg", "1"
"2019-11-07-151940_377.jpg", "1"
"2019-11-07-151940_379.jpg", "1"
"2019-11-07-151940_381.jpg", "1"
"2019-11-07-151940_383.jpg", "1"
"2019-11-07-151940_384.jpg", "1"
"2019-11-07-151940_386.jpg", "1"
"2019-11-07-151940_398.jpg", "1"
"2019-11-07-151940_399.jpg", "1"
"2019-11-07-151940_400.jpg", "1"
"2019-11-07-151940_401.jpg", "1"
"2019-11-07-151940_402.jpg", "1"
"2019-11-07-151940_403.jpg", "1"
"2019-11-07-151940_405.jpg", "1"
"2019-11-07-151940_408.jpg", "1"
"2019-11-07-151940_410.jpg", "1"
"2019-11-07-151940_412.jpg", "1"
"2019-11-07-151940_413.jpg", "1"
"2019-11-07-151940_414.jpg", "1"
"2019-11-07-151940_429.jpg", "1"
"2019-11-07-151940_430.jpg", "1"
"2019-11-07-151940_431.jpg", "1"
"2019-11-07-151940_432.jpg", "1"
"2019-11-07-151940_433.jpg", "1"
"2019-11-07-151940_434.jpg", "1"
"2019-11-07-151940_435.jpg", "1"
"2019-11-07-151940_436.jpg", "1"
"2019-11-07-151940_437.jpg", "1"
"2019-11-07-151940_438.jpg", "1"
"2019-11-07-151940_439.jpg", "1"
"2019-11-07-151940_440.jpg", "1"
"2019-11-07-151940_441.jpg", "1"
"2019-11-07-151940_442.jpg", "1"
"2019-11-07-151940_443.jpg", "1"
"2019-11-07-151940_444.jpg", "1"
"2019-11-07-151940_445.jpg", "1"
"2019-11-07-151940_446.jpg", "1"
"2019-11-07-151940_447.jpg", "1"
"2019-11-07-151940_448.jpg", "1"
"2019-11-07-151940_449.jpg", "1"
"2019-11-07-151940_450.jpg", "1"
"2019-11-07-151940_451.jpg", "1"
"2019-11-07-151940_452.jpg", "1"
"2019-11-07-151940_453.jpg", "1"
"2019-11-07-151940_454.jpg", "1"
"2019-11-07-151940_455.jpg", "1"
"2019-11-07-151940_456.jpg", "1"
"2019-11-07-151940_457.jpg", "1"
"2019-11-07-151940_477.jpg", "1"
"2019-11-07-151940_478.jpg", "1"
"2019-11-07-151940_479.jpg", "1"
"2019-11-07-151940_480.jpg", "1"
"2019-11-07-151940_481.jpg", "1"
"2019-11-07-151940_482.jpg", "1"
"2019-11-07-151940_483.jpg", "1"
"2019-11-07-151940_484.jpg", "1"
"2019-11-07-151940_485.jpg", "1"
"2019-11-07-151940_486.jpg", "1"
"2019-11-07-151940_487.jpg", "1"
"2019-11-07-151940_495.jpg", "1"
"2019-11-07-151940_497.jpg", "1"
"2019-11-07-151940_499.jpg", "1"
"2019-11-07-151940_501.jpg", "1"
"2019-11-07-151940_503.jpg", "1"
"2019-11-07-151940_505.jpg", "1"
"2019-11-07-151940_507.jpg", "1"
"2019-11-07-151940_509.jpg", "1"
"2019-11-07-151940_511.jpg", "1"
"2019-11-07-151940_513.jpg", "1"
"2019-11-07-151940_515.jpg", "1"
"2019-11-07-151940_517.jpg", "1"
"2019-11-07-151940_519.jpg", "1"
"2019-11-07-151940_521.jpg", "1"
"2019-11-07-151940_523.jpg", "1"
"2019-11-07-151940_525.jpg", "1"
"2019-11-07-151940_527.jpg", "1"
"2019-11-07-151940_529.jpg", "1"
"2019-11-07-151940_531.jpg", "1"
"2019-11-07-151940_533.jpg", "1"
"2019-11-07-151940_535.jpg", "1"
"2019-11-07-151940_538.jpg", "1"
"2019-11-07-151940_540.jpg", "1"
"2019-11-07-151940_542.jpg", "1"
"2019-11-07-151940_544.jpg", "1"
"2019-11-07-151940_546.jpg", "1"
"2019-11-07-151940_548.jpg", "1"
"2019-11-07-151940_550.jpg", "1"
"2019-11-07-151940_552.jpg", "1"
"2019-11-07-151940_554.jpg", "1"
"2019-11-07-151940_556.jpg", "1"
"2019-11-07-151940_558.jpg", "1"
"2019-11-07-151940_560.jpg", "1"
"2019-11-07-151940_562.jpg", "1"
"2019-11-07-151940_564.jpg", "1"
"2019-11-07-151940_567.jpg", "1"
"2019-11-07-151940_569.jpg", "1"
"2019-11-07-151940_571.jpg", "1"
"2019-11-07-151940_572.jpg", "1"
"2019-11-07-151940_573.jpg", "1"
"2019-11-07-151940_574.jpg", "1"
"2019-11-07-151940_575.jpg", "1"
"2019-11-07-151940_576.jpg", "1"
"2019-11-07-151940_577.jpg", "1"
"2019-11-07-151940_578.jpg", "1"
"2019-11-07-151940_579.jpg", "1"
"2019-11-07-151940_580.jpg", "1"
"2019-11-07-151940_581.jpg", "1"
"2019-11-07-151940_582.jpg", "1"
"2019-11-07-151940_583.jpg", "1"
"2019-11-07-151940_584.jpg", "1"
"2019-11-07-151940_585.jpg", "1"
"2019-11-07-151940_586.jpg", "1"
"2019-11-07-151940_587.jpg", "1"
"2019-11-07-151940_588.jpg", "1"
"2019-11-07-151940_589.jpg", "1"
"2019-11-07-151940_590.jpg", "1"
"2019-11-07-151940_591.jpg", "1"
"2019-11-07-151940_592.jpg", "1"
"2019-11-07-151940_593.jpg", "1"
"2019-11-07-151940_594.jpg", "1"
"2019-11-07-151940_595.jpg", "1"
"2019-11-07-151940_596.jpg", "1"
"2019-11-07-151940_597.jpg", "1"
"2019-11-07-151940_598.jpg", "1"
"2019-11-07-151940_599.jpg", "1"
"2019-11-07-151940_600.jpg", "1"
"2019-11-07-151940_601.jpg", "1"
"2019-11-07-151940_602.jpg", "1"
"2019-11-07-151940_603.jpg", "1"
"2019-11-07-151940_604.jpg", "1"
"2019-11-07-151940_605.jpg", "1"
"2019-11-07-151940_606.jpg", "1"
"2019-11-07-151940_607.jpg", "1"
"2019-11-07-151940_608.jpg", "1"
"2019-11-07-151940_609.jpg", "1"
"2019-11-07-151940_610.jpg", "1"
"2019-11-07-151940_611.jpg", "1"
"2019-11-07-151940_612.jpg", "1"
"2019-11-07-151940_613.jpg", "1"
"2019-11-07-151940_614.jpg", "1"
"2019-11-07-151940_615.jpg", "1"
"2019-11-07-151940_616.jpg", "1"
"2019-11-07-151940_617.jpg", "1"
"2019-11-07-151940_618.jpg", "1"
"2019-11-07-151940_619.jpg", "1"
"2019-11-07-151940_620.jpg", "1"
"2019-11-07-151940_621.jpg", "1"
"2019-11-07-151940_622.jpg", "1"
"2019-11-07-151940_623.jpg", "1"
"2019-11-07-151940_624.jpg", "1"
"2019-11-07-151940_625.jpg", "1"
"2019-11-07-151940_626.jpg", "1"
"2019-11-07-151940_627.jpg", "1"
"2019-11-07-151940_628.jpg", "1"
"2019-11-07-151940_629.jpg", "1"
"2019-11-07-151940_630.jpg", "1"
"2019-11-07-151940_631.jpg", "1"
"2019-11-07-151940_632.jpg", "1"
"2019-11-07-151940_633.jpg", "1"
"2019-11-07-151940_634.jpg", "1"
"2019-11-07-151940_635.jpg", "1"
"2019-11-07-151940_636.jpg", "1"
"2019-11-07-151940_637.jpg", "1"
"2019-11-07-151940_638.jpg", "1"
"2019-11-07-151940_639.jpg", "1"
"2019-11-07-151940_640.jpg", "1"
"2019-11-07-151940_641.jpg", "1"
"2019-11-07-151940_642.jpg", "1"
"2019-11-07-151940_643.jpg", "1"
"2019-11-07-151940_644.jpg", "1"
"2019-11-07-151940_645.jpg", "1"
"2019-11-07-151940_646.jpg", "1"
"2019-11-07-151940_647.jpg", "1"
"2019-11-07-151940_648.jpg", "1"
"2019-11-07-151940_649.jpg", "1"
"2019-11-07-151940_650.jpg", "1"
"2019-11-07-151940_651.jpg", "1"
"2019-11-07-151940_652.jpg", "1"
"2019-11-07-151940_653.jpg", "1"
"2019-11-07-151940_654.jpg", "1"
"2019-11-07-151940_655.jpg", "1"
"2019-11-07-151940_656.jpg", "1"
"2019-11-07-151940_657.jpg", "1"
"2019-11-07-151940_658.jpg", "1"
"2019-11-07-151940_659.jpg", "1"
"2019-11-07-151940_660.jpg", "1"
"2019-11-07-151940_661.jpg", "1"
"2019-11-07-151940_662.jpg", "1"
"2019-11-07-151940_663.jpg", "1"
"2019-11-07-151940_664.jpg", "1"
"2019-11-07-151940_665.jpg", "1"
"2019-11-07-151940_666.jpg", "1"
"2019-11-07-151940_667.jpg", "1"
"2019-11-07-151940_668.jpg", "1"
"2019-11-07-151940_669.jpg", "1"
"2019-11-07-151940_670.jpg", "1"
"2019-11-07-151940_671.jpg", "1"
"2019-11-07-151940_672.jpg", "1"
"2019-11-07-151940_673.jpg", "1"
"2019-11-07-151940_674.jpg", "1"
"2019-11-07-151940_675.jpg", "1"
"2019-11-07-151940_676.jpg", "1"
"2019-11-07-151940_677.jpg", "1"
"2019-11-07-151940_678.jpg", "1"
"2019-11-07-151940_700.jpg", "1"
"2019-11-07-151940_701.jpg", "1"
"2019-11-07-151940_702.jpg", "1"
"2019-11-07-151940_703.jpg", "1"
"2019-11-07-151940_704.jpg", "1"
"2019-11-07-151940_705.jpg", "1"
"2019-11-07-151940_706.jpg", "1"
"2019-11-07-151940_707.jpg", "1"
"2019-11-07-151940_708.jpg", "1"
"2019-11-07-151940_709.jpg", "1"
"2019-11-07-151940_710.jpg", "1"
"2019-11-07-151940_711.jpg", "1"
"2019-11-07-151940_712.jpg", "1"
"2019-11-07-151940_713.jpg", "1"
"2019-11-07-151940_714.jpg", "1"
"2019-11-07-151940_715.jpg", "1"
"2019-11-07-151940_749.jpg", "1"
"2019-11-07-151940_750.jpg", "1"
"2019-11-07-151940_751.jpg", "1"
"2019-11-07-151940_752.jpg", "1"
"2019-11-07-151940_753.jpg", "1"
"2019-11-07-151940_754.jpg", "1"
"2019-11-07-151940_755.jpg", "1"
"2019-11-07-151940_756.jpg", "1"
"2019-11-07-151940_757.jpg", "1"
"2019-11-07-151940_758.jpg", "1"
"2019-11-07-151940_759.jpg", "1"
"2019-11-07-151940_760.jpg", "1"
"2019-11-07-151940_761.jpg", "1"
"2019-11-07-151940_762.jpg", "1"
"2019-11-07-151940_763.jpg", "1"
"2019-11-07-151940_764.jpg", "1"
"2019-11-07-151940_765.jpg", "1"
"2019-11-07-151940_766.jpg", "1"
"2019-11-07-151940_767.jpg", "1"
"2019-11-07-151940_768.jpg", "1"
"2019-11-07-151940_769.jpg", "1"
"2019-11-07-151940_770.jpg", "1"
"2019-11-07-151940_771.jpg", "1"
"2019-11-07-151940_772.jpg", "1"
"2019-11-07-151940_773.jpg", "1"
"2019-11-07-151940_774.jpg", "1"
"2019-11-07-151940_775.jpg", "1"
"2019-11-07-151940_776.jpg", "1"
"2019-11-07-151940_777.jpg", "1"
"2019-11-07-151940_778.jpg", "1"
"2019-11-07-151940_779.jpg", "1"
"2019-11-07-151940_780.jpg", "1"
"2019-11-07-151940_781.jpg", "1"
"2019-11-07-151940_782.jpg", "1"
"2019-11-07-151940_783.jpg", "1"
"2019-11-07-151940_784.jpg", "1"
"2019-11-07-151940_785.jpg", "1"
"2019-11-07-151940_786.jpg", "1"
"2019-11-07-151940_787.jpg", "1"
"2019-11-07-151940_788.jpg", "1"
"2019-11-07-151940_789.jpg", "1"
"2019-11-07-151940_790.jpg", "1"
"2019-11-07-151940_791.jpg", "1"
"2019-11-07-151940_792.jpg", "1"
"2019-11-07-151940_793.jpg", "1"
"2019-11-07-151940_794.jpg", "1"
"2019-11-07-151940_795.jpg", "1"
"2019-11-07-151940_796.jpg", "1"
"2019-11-07-151940_814.jpg", "1"
"2019-11-07-151940_815.jpg", "1"
"2019-11-07-151940_816.jpg", "1"
"2019-11-07-151940_817.jpg", "1"
"2019-11-07-151940_818.jpg", "1"
"2019-11-07-151940_819.jpg", "1"
"2019-11-07-151940_820.jpg", "1"
"2019-11-07-151940_821.jpg", "1"
"2019-11-07-151940_822.jpg", "1"
"2019-11-07-151940_823.jpg", "1"
"2019-11-07-151940_824.jpg", "1"
"2019-11-07-151940_825.jpg", "1"
"2019-11-07-151940_826.jpg", "1"
"2019-11-07-151940_827.jpg", "1"
"2019-11-07-151940_828.jpg", "1"
"2019-11-07-151940_829.jpg", "1"
"2019-11-07-151940_830.jpg", "1"
"2019-11-07-151940_832.jpg", "1"
"2019-11-07-151940_834.jpg", "1"
"2019-11-07-151940_836.jpg", "1"
"2019-11-07-151940_838.jpg", "1"
"2019-11-07-151940_840.jpg", "1"
"2019-11-07-151940_842.jpg", "1"
"2019-11-07-151940_844.jpg", "1"
"2019-11-07-151940_846.jpg", "1"
"2019-11-07-151940_848.jpg", "1"
"2019-11-07-151940_850.jpg", "1"
"2019-11-07-151940_852.jpg", "1"
"2019-11-07-151940_854.jpg", "1"
"2019-11-07-151940_856.jpg", "1"
"2019-11-07-151940_858.jpg", "1"
"2019-11-07-151940_860.jpg", "1"
"2019-11-07-151940_862.jpg", "1"
"2019-11-07-151940_864.jpg", "1"
"2019-11-07-151940_866.jpg", "1"
"2019-11-07-151940_868.jpg", "1"
"2019-11-07-151940_870.jpg", "1"
"2019-11-07-151940_872.jpg", "1"
"2019-11-07-151940_874.jpg", "1"
"2019-11-07-151940_876.jpg", "1"
"2019-11-07-151940_878.jpg", "1"
"2019-11-07-151940_880.jpg", "1"
"2019-11-07-151940_882.jpg", "1"
"2019-11-07-151940_884.jpg", "1"
"2019-11-07-151940_886.jpg", "1"
"2019-11-07-151940_888.jpg", "1"
"2019-11-07-151940_890.jpg", "1"
"2019-11-07-151940_892.jpg", "1"
"2019-11-07-151940_894.jpg", "1"
"2019-11-07-151940_896.jpg", "1"
"2019-11-07-151940_898.jpg", "1"
"2019-11-07-151940_900.jpg", "1"
"2019-11-07-151940_902.jpg", "1"
"2019-11-07-151940_904.jpg", "1"
"2019-11-07-151940_906.jpg", "1"
"2019-11-07-151940_908.jpg", "1"
"2019-11-07-151940_910.jpg", "1"
"2019-11-07-151940_912.jpg", "1"
"2019-11-07-151940_914.jpg", "1"
"2019-11-07-151940_916.jpg", "1"
"2019-11-07-151940_918.jpg", "1"
"2019-11-07-151940_91.jpg", "1"
"2019-11-07-151940_920.jpg", "1"
"2019-11-07-151940_922.jpg", "1"
"2019-11-07-151940_924.jpg", "1"
"2019-11-07-151940_926.jpg", "1"
"2019-11-07-151940_928.jpg", "1"
"2019-11-07-151940_930.jpg", "1"
"2019-11-07-151940_932.jpg", "1"
"2019-11-07-151940_934.jpg", "1"
"2019-11-07-151940_936.jpg", "1"
"2019-11-07-151940_938.jpg", "1"
"2019-11-07-151940_94.jpg", "1"
"2019-11-07-151940_95.jpg", "1"
"2019-11-07-151940_96.jpg", "1"
"2019-11-07-151940_977.jpg", "1"
"2019-11-07-151940_97.jpg", "1"
"2019-11-07-151940_98.jpg", "1"
"2019-11-07-151940_99.jpg", "1"
"2019-11-07-151359_1000.jpg", "1"
"2019-11-07-151359_1002.jpg", "1"
"2019-11-07-151359_1004.jpg", "1"
"2019-11-07-151359_1006.jpg", "1"
"2019-11-07-151359_1008.jpg", "1"
"2019-11-07-151359_1009.jpg", "1"
"2019-11-07-151359_100.jpg", "1"
"2019-11-07-151359_1012.jpg", "1"
"2019-11-07-151359_1014.jpg", "1"
"2019-11-07-151359_1016.jpg", "1"
"2019-11-07-151359_1018.jpg", "1"
"2019-11-07-151359_1020.jpg", "1"
"2019-11-07-151359_1022.jpg", "1"
"2019-11-07-151359_1024.jpg", "1"
"2019-11-07-151359_1025.jpg", "1"
"2019-11-07-151359_1027.jpg", "1"
"2019-11-07-151359_102.jpg", "1"
"2019-11-07-151359_1030.jpg", "1"
"2019-11-07-151359_1031.jpg", "1"
"2019-11-07-151359_1033.jpg", "1"
"2019-11-07-151359_1035.jpg", "1"
"2019-11-07-151359_1037.jpg", "1"
"2019-11-07-151359_1039.jpg", "1"
"2019-11-07-151359_1041.jpg", "1"
"2019-11-07-151359_104.jpg", "1"
"2019-11-07-151359_106.jpg", "1"
"2019-11-07-151359_107.jpg", "1"
"2019-11-07-151359_109.jpg", "1"
"2019-11-07-151359_1204.jpg", "1"
"2019-11-07-151359_1206.jpg", "1"
"2019-11-07-151359_1208.jpg", "1"
"2019-11-07-151359_1209.jpg", "1"
"2019-11-07-151359_1211.jpg", "1"
"2019-11-07-151359_1213.jpg", "1"
"2019-11-07-151359_1215.jpg", "1"
"2019-11-07-151359_1217.jpg", "1"
"2019-11-07-151359_1219.jpg", "1"
"2019-11-07-151359_1221.jpg", "1"
"2019-11-07-151359_1223.jpg", "1"
"2019-11-07-151359_1225.jpg", "1"
"2019-11-07-151359_1226.jpg", "1"
"2019-11-07-151359_1227.jpg", "1"
"2019-11-07-151359_1228.jpg", "1"
"2019-11-07-151359_1229.jpg", "1"
"2019-11-07-151359_1230.jpg", "1"
"2019-11-07-151359_1231.jpg", "1"
"2019-11-07-151359_1232.jpg", "1"
"2019-11-07-151359_1233.jpg", "1"
"2019-11-07-151359_1234.jpg", "1"
"2019-11-07-151359_1235.jpg", "1"
"2019-11-07-151359_1236.jpg", "1"
"2019-11-07-151359_1237.jpg", "1"
"2019-11-07-151359_1238.jpg", "1"
"2019-11-07-151359_1239.jpg", "1"
"2019-11-07-151359_1240.jpg", "1"
"2019-11-07-151359_1241.jpg", "1"
"2019-11-07-151359_1242.jpg", "1"
"2019-11-07-151359_1243.jpg", "1"
"2019-11-07-151359_1244.jpg", "1"
"2019-11-07-151359_1245.jpg", "1"
"2019-11-07-151359_1246.jpg", "1"
"2019-11-07-151359_1247.jpg", "1"
"2019-11-07-151359_1248.jpg", "1"
"2019-11-07-151359_1249.jpg", "1"
"2019-11-07-151359_1250.jpg", "1"
"2019-11-07-151359_1251.jpg", "1"
"2019-11-07-151359_1252.jpg", "1"
"2019-11-07-151359_1253.jpg", "1"
"2019-11-07-151359_1254.jpg", "1"
"2019-11-07-151359_1255.jpg", "1"
"2019-11-07-151359_1256.jpg", "1"
"2019-11-07-151359_1257.jpg", "1"
"2019-11-07-151359_1258.jpg", "1"
"2019-11-07-151359_1259.jpg", "1"
"2019-11-07-151359_1260.jpg", "1"
"2019-11-07-151359_1261.jpg", "1"
"2019-11-07-151359_1262.jpg", "1"
"2019-11-07-151359_1263.jpg", "1"
"2019-11-07-151359_1264.jpg", "1"
"2019-11-07-151359_1265.jpg", "1"
"2019-11-07-151359_1266.jpg", "1"
"2019-11-07-151359_1267.jpg", "1"
"2019-11-07-151359_1268.jpg", "1"
"2019-11-07-151359_1269.jpg", "1"
"2019-11-07-151359_1270.jpg", "1"
"2019-11-07-151359_1271.jpg", "1"
"2019-11-07-151359_1272.jpg", "1"
"2019-11-07-151359_1273.jpg", "1"
"2019-11-07-151359_1274.jpg", "1"
"2019-11-07-151359_1275.jpg", "1"
"2019-11-07-151359_1276.jpg", "1"
"2019-11-07-151359_1277.jpg", "1"
"2019-11-07-151359_1278.jpg", "1"
"2019-11-07-151359_1279.jpg", "1"
"2019-11-07-151359_1280.jpg", "1"
"2019-11-07-151359_1281.jpg", "1"
"2019-11-07-151359_1282.jpg", "1"
"2019-11-07-151359_1283.jpg", "1"
"2019-11-07-151359_1284.jpg", "1"
"2019-11-07-151359_1285.jpg", "1"
"2019-11-07-151359_1286.jpg", "1"
"2019-11-07-151359_1287.jpg", "1"
"2019-11-07-151359_1288.jpg", "1"
"2019-11-07-151359_1289.jpg", "1"
"2019-11-07-151359_1290.jpg", "1"
"2019-11-07-151359_1291.jpg", "1"
"2019-11-07-151359_1292.jpg", "1"
"2019-11-07-151359_1293.jpg", "1"
"2019-11-07-151359_1294.jpg", "1"
"2019-11-07-151359_1295.jpg", "1"
"2019-11-07-151359_1296.jpg", "1"
"2019-11-07-151359_1297.jpg", "1"
"2019-11-07-151359_1298.jpg", "1"
"2019-11-07-151359_129.jpg", "1"
"2019-11-07-151359_1305.jpg", "1"
"2019-11-07-151359_1306.jpg", "1"
"2019-11-07-151359_1307.jpg", "1"
"2019-11-07-151359_1308.jpg", "1"
"2019-11-07-151359_1309.jpg", "1"
"2019-11-07-151359_1310.jpg", "1"
"2019-11-07-151359_1311.jpg", "1"
"2019-11-07-151359_1312.jpg", "1"
"2019-11-07-151359_1313.jpg", "1"
"2019-11-07-151359_1314.jpg", "1"
"2019-11-07-151359_1315.jpg", "1"
"2019-11-07-151359_1316.jpg", "1"
"2019-11-07-151359_1317.jpg", "1"
"2019-11-07-151359_1318.jpg", "1"
"2019-11-07-151359_1319.jpg", "1"
"2019-11-07-151359_131.jpg", "1"
"2019-11-07-151359_1320.jpg", "1"
"2019-11-07-151359_1321.jpg", "1"
"2019-11-07-151359_1322.jpg", "1"
"2019-11-07-151359_1323.jpg", "1"
"2019-11-07-151359_1324.jpg", "1"
"2019-11-07-151359_1325.jpg", "1"
"2019-11-07-151359_1326.jpg", "1"
"2019-11-07-151359_1327.jpg", "1"
"2019-11-07-151359_1328.jpg", "1"
"2019-11-07-151359_1329.jpg", "1"
"2019-11-07-151359_1330.jpg", "1"
"2019-11-07-151359_1331.jpg", "1"
"2019-11-07-151359_1332.jpg", "1"
"2019-11-07-151359_1333.jpg", "1"
"2019-11-07-151359_1334.jpg", "1"
"2019-11-07-151359_1335.jpg", "1"
"2019-11-07-151359_1336.jpg", "1"
"2019-11-07-151359_1337.jpg", "1"
"2019-11-07-151359_1338.jpg", "1"
"2019-11-07-151359_1339.jpg", "1"
"2019-11-07-151359_1340.jpg", "1"
"2019-11-07-151359_1341.jpg", "1"
"2019-11-07-151359_1342.jpg", "1"
"2019-11-07-151359_1343.jpg", "1"
"2019-11-07-151359_1344.jpg", "1"
"2019-11-07-151359_1345.jpg", "1"
"2019-11-07-151359_1346.jpg", "1"
"2019-11-07-151359_1347.jpg", "1"
"2019-11-07-151359_1348.jpg", "1"
"2019-11-07-151359_1349.jpg", "1"
"2019-11-07-151359_134.jpg", "1"
"2019-11-07-151359_1350.jpg", "1"
"2019-11-07-151359_1351.jpg", "1"
"2019-11-07-151359_1352.jpg", "1"
"2019-11-07-151359_1353.jpg", "1"
"2019-11-07-151359_1354.jpg", "1"
"2019-11-07-151359_1355.jpg", "1"
"2019-11-07-151359_1356.jpg", "1"
"2019-11-07-151359_1357.jpg", "1"
"2019-11-07-151359_1358.jpg", "1"
"2019-11-07-151359_1359.jpg", "1"
"2019-11-07-151359_1360.jpg", "1"
"2019-11-07-151359_1361.jpg", "1"
"2019-11-07-151359_1362.jpg", "1"
"2019-11-07-151359_1363.jpg", "1"
"2019-11-07-151359_1364.jpg", "1"
"2019-11-07-151359_1365.jpg", "1"
"2019-11-07-151359_1366.jpg", "1"
"2019-11-07-151359_1367.jpg", "1"
"2019-11-07-151359_1368.jpg", "1"
"2019-11-07-151359_1369.jpg", "1"
"2019-11-07-151359_1370.jpg", "1"
"2019-11-07-151359_1371.jpg", "1"
"2019-11-07-151359_1372.jpg", "1"
"2019-11-07-151359_1373.jpg", "1"
"2019-11-07-151359_1374.jpg", "1"
"2019-11-07-151359_1375.jpg", "1"
"2019-11-07-151359_1376.jpg", "1"
"2019-11-07-151359_1377.jpg", "1"
"2019-11-07-151359_1378.jpg", "1"
"2019-11-07-151359_1379.jpg", "1"
"2019-11-07-151359_1380.jpg", "1"
"2019-11-07-151359_1381.jpg", "1"
"2019-11-07-151359_1382.jpg", "1"
"2019-11-07-151359_1383.jpg", "1"
"2019-11-07-151359_1384.jpg", "1"
"2019-11-07-151359_1385.jpg", "1"
"2019-11-07-151359_1467.jpg", "1"
"2019-11-07-151359_1468.jpg", "1"
"2019-11-07-151359_1469.jpg", "1"
"2019-11-07-151359_1470.jpg", "1"
"2019-11-07-151359_1471.jpg", "1"
"2019-11-07-151359_1472.jpg", "1"
"2019-11-07-151359_1473.jpg", "1"
"2019-11-07-151359_1474.jpg", "1"
"2019-11-07-151359_1475.jpg", "1"
"2019-11-07-151359_1476.jpg", "1"
"2019-11-07-151359_1477.jpg", "1"
"2019-11-07-151359_1478.jpg", "1"
"2019-11-07-151359_1479.jpg", "1"
"2019-11-07-151359_1480.jpg", "1"
"2019-11-07-151359_1481.jpg", "1"
"2019-11-07-151359_1482.jpg", "1"
"2019-11-07-151359_1483.jpg", "1"
"2019-11-07-151359_1484.jpg", "1"
"2019-11-07-151359_1485.jpg", "1"
"2019-11-07-151359_1486.jpg", "1"
"2019-11-07-151359_1487.jpg", "1"
"2019-11-07-151359_1488.jpg", "1"
"2019-11-07-151359_1489.jpg", "1"
"2019-11-07-151359_1490.jpg", "1"
"2019-11-07-151359_1491.jpg", "1"
"2019-11-07-151359_1492.jpg", "1"
"2019-11-07-151359_1493.jpg", "1"
"2019-11-07-151359_1494.jpg", "1"
"2019-11-07-151359_1495.jpg", "1"
"2019-11-07-151359_1496.jpg", "1"
"2019-11-07-151359_1497.jpg", "1"
"2019-11-07-151359_1498.jpg", "1"
"2019-11-07-151359_1499.jpg", "1"
"2019-11-07-151359_1500.jpg", "1"
"2019-11-07-151359_1501.jpg", "1"
"2019-11-07-151359_1502.jpg", "1"
"2019-11-07-151359_1503.jpg", "1"
"2019-11-07-151359_1504.jpg", "1"
"2019-11-07-151359_1505.jpg", "1"
"2019-11-07-151359_1506.jpg", "1"
"2019-11-07-151359_1507.jpg", "1"
"2019-11-07-151359_1508.jpg", "1"
"2019-11-07-151359_1509.jpg", "1"
"2019-11-07-151359_1510.jpg", "1"
"2019-11-07-151359_1511.jpg", "1"
"2019-11-07-151359_1512.jpg", "1"
"2019-11-07-151359_1513.jpg", "1"
"2019-11-07-151359_1514.jpg", "1"
"2019-11-07-151359_1628.jpg", "1"
"2019-11-07-151359_1629.jpg", "1"
"2019-11-07-151359_1630.jpg", "1"
"2019-11-07-151359_1631.jpg", "1"
"2019-11-07-151359_1632.jpg", "1"
"2019-11-07-151359_1633.jpg", "1"
"2019-11-07-151359_1634.jpg", "1"
"2019-11-07-151359_1635.jpg", "1"
"2019-11-07-151359_1636.jpg", "1"
"2019-11-07-151359_1637.jpg", "1"
"2019-11-07-151359_1638.jpg", "1"
"2019-11-07-151359_1639.jpg", "1"
"2019-11-07-151359_1640.jpg", "1"
"2019-11-07-151359_1641.jpg", "1"
"2019-11-07-151359_1642.jpg", "1"
"2019-11-07-151359_1643.jpg", "1"
"2019-11-07-151359_1644.jpg", "1"
"2019-11-07-151359_1645.jpg", "1"
"2019-11-07-151359_1646.jpg", "1"
"2019-11-07-151359_1647.jpg", "1"
"2019-11-07-151359_1648.jpg", "1"
"2019-11-07-151359_1649.jpg", "1"
"2019-11-07-151359_1650.jpg", "1"
"2019-11-07-151359_1651.jpg", "1"
"2019-11-07-151359_1652.jpg", "1"
"2019-11-07-151359_1653.jpg", "1"
"2019-11-07-151359_1654.jpg", "1"
"2019-11-07-151359_1655.jpg", "1"
"2019-11-07-151359_1656.jpg", "1"
"2019-11-07-151359_1657.jpg", "1"
"2019-11-07-151359_1658.jpg", "1"
"2019-11-07-151359_1659.jpg", "1"
"2019-11-07-151359_1660.jpg", "1"
"2019-11-07-151359_1661.jpg", "1"
"2019-11-07-151359_1662.jpg", "1"
"2019-11-07-151359_1663.jpg", "1"
"2019-11-07-151359_1664.jpg", "1"
"2019-11-07-151359_1665.jpg", "1"
"2019-11-07-151359_1666.jpg", "1"
"2019-11-07-151359_1667.jpg", "1"
"2019-11-07-151359_1668.jpg", "1"
"2019-11-07-151359_1669.jpg", "1"
"2019-11-07-151359_1670.jpg", "1"
"2019-11-07-151359_1671.jpg", "1"
"2019-11-07-151359_1672.jpg", "1"
"2019-11-07-151359_1673.jpg", "1"
"2019-11-07-151359_1674.jpg", "1"
"2019-11-07-151359_1675.jpg", "1"
"2019-11-07-151359_1676.jpg", "1"
"2019-11-07-151359_1677.jpg", "1"
"2019-11-07-151359_1678.jpg", "1"
"2019-11-07-151359_1679.jpg", "1"
"2019-11-07-151359_1680.jpg", "1"
"2019-11-07-151359_1681.jpg", "1"
"2019-11-07-151359_1682.jpg", "1"
"2019-11-07-151359_1683.jpg", "1"
"2019-11-07-151359_1684.jpg", "1"
"2019-11-07-151359_1685.jpg", "1"
"2019-11-07-151359_1686.jpg", "1"
"2019-11-07-151359_1687.jpg", "1"
"2019-11-07-151359_1688.jpg", "1"
"2019-11-07-151359_1689.jpg", "1"
"2019-11-07-151359_1690.jpg", "1"
"2019-11-07-151359_1691.jpg", "1"
"2019-11-07-151359_1692.jpg", "1"
"2019-11-07-151359_1693.jpg", "1"
"2019-11-07-151359_1694.jpg", "1"
"2019-11-07-151359_1695.jpg", "1"
"2019-11-07-151359_1696.jpg", "1"
"2019-11-07-151359_1697.jpg", "1"
"2019-11-07-151359_1698.jpg", "1"
"2019-11-07-151359_1699.jpg", "1"
"2019-11-07-151359_1700.jpg", "1"
"2019-11-07-151359_1701.jpg", "1"
"2019-11-07-151359_1702.jpg", "1"
"2019-11-07-151359_1703.jpg", "1"
"2019-11-07-151359_1704.jpg", "1"
"2019-11-07-151359_1705.jpg", "1"
"2019-11-07-151359_1706.jpg", "1"
"2019-11-07-151359_1707.jpg", "1"
"2019-11-07-151359_1708.jpg", "1"
"2019-11-07-151359_1709.jpg", "1"
"2019-11-07-151359_1710.jpg", "1"
"2019-11-07-151359_1711.jpg", "1"
"2019-11-07-151359_1712.jpg", "1"
"2019-11-07-151359_1713.jpg", "1"
"2019-11-07-151359_1714.jpg", "1"
"2019-11-07-151359_1715.jpg", "1"
"2019-11-07-151359_1716.jpg", "1"
"2019-11-07-151359_1717.jpg", "1"
"2019-11-07-151359_1718.jpg", "1"
"2019-11-07-151359_1719.jpg", "1"
"2019-11-07-151359_1720.jpg", "1"
"2019-11-07-151359_1721.jpg", "1"
"2019-11-07-151359_1722.jpg", "1"
"2019-11-07-151359_1723.jpg", "1"
"2019-11-07-151359_1724.jpg", "1"
"2019-11-07-151359_1725.jpg", "1"
"2019-11-07-151359_1726.jpg", "1"
"2019-11-07-151359_1727.jpg", "1"
"2019-11-07-151359_1728.jpg", "1"
"2019-11-07-151359_1729.jpg", "1"
"2019-11-07-151359_1730.jpg", "1"
"2019-11-07-151359_1731.jpg", "1"
"2019-11-07-151359_1732.jpg", "1"
"2019-11-07-151359_1733.jpg", "1"
"2019-11-07-151359_1734.jpg", "1"
"2019-11-07-151359_1735.jpg", "1"
"2019-11-07-151359_1736.jpg", "1"
"2019-11-07-151359_1737.jpg", "1"
"2019-11-07-151359_1738.jpg", "1"
"2019-11-07-151359_1739.jpg", "1"
"2019-11-07-151359_1740.jpg", "1"
"2019-11-07-151359_1741.jpg", "1"
"2019-11-07-151359_1742.jpg", "1"
"2019-11-07-151359_1743.jpg", "1"
"2019-11-07-151359_1744.jpg", "1"
"2019-11-07-151359_1745.jpg", "1"
"2019-11-07-151359_1746.jpg", "1"
"2019-11-07-151359_1747.jpg", "1"
"2019-11-07-151359_1748.jpg", "1"
"2019-11-07-151359_1749.jpg", "1"
"2019-11-07-151359_1750.jpg", "1"
"2019-11-07-151359_1751.jpg", "1"
"2019-11-07-151359_1752.jpg", "1"
"2019-11-07-151359_1753.jpg", "1"
"2019-11-07-151359_1754.jpg", "1"
"2019-11-07-151359_1755.jpg", "1"
"2019-11-07-151359_1853.jpg", "1"
"2019-11-07-151359_1854.jpg", "1"
"2019-11-07-151359_1855.jpg", "1"
"2019-11-07-151359_1856.jpg", "1"
"2019-11-07-151359_1857.jpg", "1"
"2019-11-07-151359_1858.jpg", "1"
"2019-11-07-151359_1859.jpg", "1"
"2019-11-07-151359_1860.jpg", "1"
"2019-11-07-151359_1861.jpg", "1"
"2019-11-07-151359_1862.jpg", "1"
"2019-11-07-151359_1863.jpg", "1"
"2019-11-07-151359_1864.jpg", "1"
"2019-11-07-151359_1865.jpg", "1"
"2019-11-07-151359_1866.jpg", "1"
"2019-11-07-151359_1867.jpg", "1"
"2019-11-07-151359_1868.jpg", "1"
"2019-11-07-151359_1869.jpg", "1"
"2019-11-07-151359_1870.jpg", "1"
"2019-11-07-151359_1871.jpg", "1"
"2019-11-07-151359_1872.jpg", "1"
"2019-11-07-151359_1873.jpg", "1"
"2019-11-07-151359_1874.jpg", "1"
"2019-11-07-151359_1875.jpg", "1"
"2019-11-07-151359_1876.jpg", "1"
"2019-11-07-151359_1877.jpg", "1"
"2019-11-07-151359_1878.jpg", "1"
"2019-11-07-151359_1879.jpg", "1"
"2019-11-07-151359_1880.jpg", "1"
"2019-11-07-151359_1881.jpg", "1"
"2019-11-07-151359_1882.jpg", "1"
"2019-11-07-151359_1883.jpg", "1"
"2019-11-07-151359_1884.jpg", "1"
"2019-11-07-151359_1885.jpg", "1"
"2019-11-07-151359_1886.jpg", "1"
"2019-11-07-151359_1887.jpg", "1"
"2019-11-07-151359_1888.jpg", "1"
"2019-11-07-151359_1889.jpg", "1"
"2019-11-07-151359_1890.jpg", "1"
"2019-11-07-151359_1891.jpg", "1"
"2019-11-07-151359_1892.jpg", "1"
"2019-11-07-151359_1893.jpg", "1"
"2019-11-07-151359_1894.jpg", "1"
"2019-11-07-151359_1895.jpg", "1"
"2019-11-07-151359_1896.jpg", "1"
"2019-11-07-151359_1897.jpg", "1"
"2019-11-07-151359_1898.jpg", "1"
"2019-11-07-151359_1899.jpg", "1"
"2019-11-07-151359_1900.jpg", "1"
"2019-11-07-151359_1901.jpg", "1"
"2019-11-07-151359_1902.jpg", "1"
"2019-11-07-151359_1903.jpg", "1"
"2019-11-07-151359_1904.jpg", "1"
"2019-11-07-151359_1905.jpg", "1"
"2019-11-07-151359_1906.jpg", "1"
"2019-11-07-151359_1907.jpg", "1"
"2019-11-07-151359_1908.jpg", "1"
"2019-11-07-151359_1909.jpg", "1"
"2019-11-07-151359_1910.jpg", "1"
"2019-11-07-151359_1911.jpg", "1"
"2019-11-07-151359_1912.jpg", "1"
"2019-11-07-151359_1913.jpg", "1"
"2019-11-07-151359_1914.jpg", "1"
"2019-11-07-151359_1915.jpg", "1"
"2019-11-07-151359_1916.jpg", "1"
"2019-11-07-151359_1917.jpg", "1"
"2019-11-07-151359_1918.jpg", "1"
"2019-11-07-151359_1919.jpg", "1"
"2019-11-07-151359_1920.jpg", "1"
"2019-11-07-151359_1921.jpg", "1"
"2019-11-07-151359_1922.jpg", "1"
"2019-11-07-151359_1923.jpg", "1"
"2019-11-07-151359_1924.jpg", "1"
"2019-11-07-151359_1925.jpg", "1"
"2019-11-07-151359_1926.jpg", "1"
"2019-11-07-151359_1927.jpg", "1"
"2019-11-07-151359_1928.jpg", "1"
"2019-11-07-151359_1929.jpg", "1"
"2019-11-07-151359_1930.jpg", "1"
"2019-11-07-151359_1931.jpg", "1"
"2019-11-07-151359_1932.jpg", "1"
"2019-11-07-151359_1933.jpg", "1"
"2019-11-07-151359_1934.jpg", "1"
"2019-11-07-151359_1935.jpg", "1"
"2019-11-07-151359_1936.jpg", "1"
"2019-11-07-151359_1937.jpg", "1"
"2019-11-07-151359_1938.jpg", "1"
"2019-11-07-151359_1939.jpg", "1"
"2019-11-07-151359_1940.jpg", "1"
"2019-11-07-151359_1941.jpg", "1"
"2019-11-07-151359_1942.jpg", "1"
"2019-11-07-151359_1943.jpg", "1"
"2019-11-07-151359_1944.jpg", "1"
"2019-11-07-151359_1945.jpg", "1"
"2019-11-07-151359_1946.jpg", "1"
"2019-11-07-151359_1947.jpg", "1"
"2019-11-07-151359_1948.jpg", "1"
"2019-11-07-151359_1949.jpg", "1"
"2019-11-07-151359_1950.jpg", "1"
"2019-11-07-151359_1951.jpg", "1"
"2019-11-07-151359_1952.jpg", "1"
"2019-11-07-151359_1953.jpg", "1"
"2019-11-07-151359_1954.jpg", "1"
"2019-11-07-151359_1955.jpg", "1"
"2019-11-07-151359_1956.jpg", "1"
"2019-11-07-151359_1957.jpg", "1"
"2019-11-07-151359_1958.jpg", "1"
"2019-11-07-151359_1959.jpg", "1"
"2019-11-07-151359_1960.jpg", "1"
"2019-11-07-151359_1961.jpg", "1"
"2019-11-07-151359_1962.jpg", "1"
"2019-11-07-151359_1963.jpg", "1"
"2019-11-07-151359_1964.jpg", "1"
"2019-11-07-151359_1965.jpg", "1"
"2019-11-07-151359_1966.jpg", "1"
"2019-11-07-151359_1967.jpg", "1"
"2019-11-07-151359_1968.jpg", "1"
"2019-11-07-151359_1969.jpg", "1"
"2019-11-07-151359_1970.jpg", "1"
"2019-11-07-151359_1971.jpg", "1"
"2019-11-07-151359_1972.jpg", "1"
"2019-11-07-151359_1973.jpg", "1"
"2019-11-07-151359_1974.jpg", "1"
"2019-11-07-151359_1975.jpg", "1"
"2019-11-07-151359_1976.jpg", "1"
"2019-11-07-151359_1977.jpg", "1"
"2019-11-07-151359_1978.jpg", "1"
"2019-11-07-151359_1979.jpg", "1"
"2019-11-07-151359_1980.jpg", "1"
"2019-11-07-151359_1981.jpg", "1"
"2019-11-07-151359_1982.jpg", "1"
"2019-11-07-151359_1983.jpg", "1"
"2019-11-07-151359_1984.jpg", "1"
"2019-11-07-151359_1985.jpg", "1"
"2019-11-07-151359_1986.jpg", "1"
"2019-11-07-151359_1987.jpg", "1"
"2019-11-07-151359_1988.jpg", "1"
"2019-11-07-151359_1989.jpg", "1"
"2019-11-07-151359_1990.jpg", "1"
"2019-11-07-151359_1991.jpg", "1"
"2019-11-07-151359_1992.jpg", "1"
"2019-11-07-151359_1993.jpg", "1"
"2019-11-07-151359_1994.jpg", "1"
"2019-11-07-151359_1995.jpg", "1"
"2019-11-07-151359_1996.jpg", "1"
"2019-11-07-151359_1997.jpg", "1"
"2019-11-07-151359_1998.jpg", "1"
"2019-11-07-151359_1999.jpg", "1"
"2019-11-07-151359_1.jpg", "1"
"2019-11-07-151359_2000.jpg", "1"
"2019-11-07-151359_2001.jpg", "1"
"2019-11-07-151359_2002.jpg", "1"
"2019-11-07-151359_2003.jpg", "1"
"2019-11-07-151359_2004.jpg", "1"
"2019-11-07-151359_2005.jpg", "1"
"2019-11-07-151359_2006.jpg", "1"
"2019-11-07-151359_2007.jpg", "1"
"2019-11-07-151359_2008.jpg", "1"
"2019-11-07-151359_2009.jpg", "1"
"2019-11-07-151359_2010.jpg", "1"
"2019-11-07-151359_2011.jpg", "1"
"2019-11-07-151359_2012.jpg", "1"
"2019-11-07-151359_2013.jpg", "1"
"2019-11-07-151359_2014.jpg", "1"
"2019-11-07-151359_2015.jpg", "1"
"2019-11-07-151359_2016.jpg", "1"
"2019-11-07-151359_2017.jpg", "1"
"2019-11-07-151359_2018.jpg", "1"
"2019-11-07-151359_2019.jpg", "1"
"2019-11-07-151359_2020.jpg", "1"
"2019-11-07-151359_2021.jpg", "1"
"2019-11-07-151359_2022.jpg", "1"
"2019-11-07-151359_2023.jpg", "1"
"2019-11-07-151359_2024.jpg", "1"
"2019-11-07-151359_2025.jpg", "1"
"2019-11-07-151359_2026.jpg", "1"
"2019-11-07-151359_2027.jpg", "1"
"2019-11-07-151359_2028.jpg", "1"
"2019-11-07-151359_2029.jpg", "1"
"2019-11-07-151359_2030.jpg", "1"
"2019-11-07-151359_2031.jpg", "1"
"2019-11-07-151359_2032.jpg", "1"
"2019-11-07-151359_2033.jpg", "1"
"2019-11-07-151359_2034.jpg", "1"
"2019-11-07-151359_2035.jpg", "1"
"2019-11-07-151359_2036.jpg", "1"
"2019-11-07-151359_2037.jpg", "1"
"2019-11-07-151359_2038.jpg", "1"
"2019-11-07-151359_2039.jpg", "1"
"2019-11-07-151359_2040.jpg", "1"
"2019-11-07-151359_2041.jpg", "1"
"2019-11-07-151359_2042.jpg", "1"
"2019-11-07-151359_2043.jpg", "1"
"2019-11-07-151359_2044.jpg", "1"
"2019-11-07-151359_2045.jpg", "1"
"2019-11-07-151359_2046.jpg", "1"
"2019-11-07-151359_2047.jpg", "1"
"2019-11-07-151359_2048.jpg", "1"
"2019-11-07-151359_2049.jpg", "1"
"2019-11-07-151359_2050.jpg", "1"
"2019-11-07-151359_2051.jpg", "1"
"2019-11-07-151359_2052.jpg", "1"
"2019-11-07-151359_2053.jpg", "1"
"2019-11-07-151359_2054.jpg", "1"
"2019-11-07-151359_2055.jpg", "1"
"2019-11-07-151359_2056.jpg", "1"
"2019-11-07-151359_2057.jpg", "1"
"2019-11-07-151359_2058.jpg", "1"
"2019-11-07-151359_2059.jpg", "1"
"2019-11-07-151359_2060.jpg", "1"
"2019-11-07-151359_2061.jpg", "1"
"2019-11-07-151359_2062.jpg", "1"
"2019-11-07-151359_2063.jpg", "1"
"2019-11-07-151359_2064.jpg", "1"
"2019-11-07-151359_2065.jpg", "1"
"2019-11-07-151359_2066.jpg", "1"
"2019-11-07-151359_2067.jpg", "1"
"2019-11-07-151359_2068.jpg", "1"
"2019-11-07-151359_2069.jpg", "1"
"2019-11-07-151359_2070.jpg", "1"
"2019-11-07-151359_2071.jpg", "1"
"2019-11-07-151359_2072.jpg", "1"
"2019-11-07-151359_2073.jpg", "1"
"2019-11-07-151359_2074.jpg", "1"
"2019-11-07-151359_2075.jpg", "1"
"2019-11-07-151359_2076.jpg", "1"
"2019-11-07-151359_2077.jpg", "1"
"2019-11-07-151359_2078.jpg", "1"
"2019-11-07-151359_2079.jpg", "1"
"2019-11-07-151359_2080.jpg", "1"
"2019-11-07-151359_2081.jpg", "1"
"2019-11-07-151359_2082.jpg", "1"
"2019-11-07-151359_2083.jpg", "1"
"2019-11-07-151359_2084.jpg", "1"
"2019-11-07-151359_2085.jpg", "1"
"2019-11-07-151359_2086.jpg", "1"
"2019-11-07-151359_2087.jpg", "1"
"2019-11-07-151359_2088.jpg", "1"
"2019-11-07-151359_2089.jpg", "1"
"2019-11-07-151359_2090.jpg", "1"
"2019-11-07-151359_2091.jpg", "1"
"2019-11-07-151359_2101.jpg", "1"
"2019-11-07-151359_2102.jpg", "1"
"2019-11-07-151359_2103.jpg", "1"
"2019-11-07-151359_2104.jpg", "1"
"2019-11-07-151359_2105.jpg", "1"
"2019-11-07-151359_2107.jpg", "1"
"2019-11-07-151359_2109.jpg", "1"
"2019-11-07-151359_2111.jpg", "1"
"2019-11-07-151359_2113.jpg", "1"
"2019-11-07-151359_2115.jpg", "1"
"2019-11-07-151359_2117.jpg", "1"
"2019-11-07-151359_2119.jpg", "1"
"2019-11-07-151359_2209.jpg", "1"
"2019-11-07-151359_2212.jpg", "1"
"2019-11-07-151359_2214.jpg", "1"
"2019-11-07-151359_2216.jpg", "1"
"2019-11-07-151359_2218.jpg", "1"
"2019-11-07-151359_2220.jpg", "1"
"2019-11-07-151359_2222.jpg", "1"
"2019-11-07-151359_2224.jpg", "1"
"2019-11-07-151359_2226.jpg", "1"
"2019-11-07-151359_2228.jpg", "1"
"2019-11-07-151359_2230.jpg", "1"
"2019-11-07-151359_2232.jpg", "1"
"2019-11-07-151359_2234.jpg", "1"
"2019-11-07-151359_2236.jpg", "1"
"2019-11-07-151359_2238.jpg", "1"
"2019-11-07-151359_2324.jpg", "1"
"2019-11-07-151359_2326.jpg", "1"
"2019-11-07-151359_2328.jpg", "1"
"2019-11-07-151359_2330.jpg", "1"
"2019-11-07-151359_2332.jpg", "1"
"2019-11-07-151359_2334.jpg", "1"
"2019-11-07-151359_2336.jpg", "1"
"2019-11-07-151359_2338.jpg", "1"
"2019-11-07-151359_2340.jpg", "1"
"2019-11-07-151359_2343.jpg", "1"
"2019-11-07-151359_2345.jpg", "1"
"2019-11-07-151359_2347.jpg", "1"
"2019-11-07-151359_2349.jpg", "1"
"2019-11-07-151359_2351.jpg", "1"
"2019-11-07-151359_2353.jpg", "1"
"2019-11-07-151359_2355.jpg", "1"
"2019-11-07-151359_2357.jpg", "1"
"2019-11-07-151359_2359.jpg", "1"
"2019-11-07-151359_2527.jpg", "1"
"2019-11-07-151359_2528.jpg", "1"
"2019-11-07-151359_2531.jpg", "1"
"2019-11-07-151359_2533.jpg", "1"
"2019-11-07-151359_2535.jpg", "1"
"2019-11-07-151359_2570.jpg", "1"
"2019-11-07-151359_346.jpg", "1"
"2019-11-07-151359_348.jpg", "1"
"2019-11-07-151359_350.jpg", "1"
"2019-11-07-151359_352.jpg", "1"
"2019-11-07-151359_354.jpg", "1"
"2019-11-07-151359_356.jpg", "1"
"2019-11-07-151359_358.jpg", "1"
"2019-11-07-151359_360.jpg", "1"
"2019-11-07-151359_362.jpg", "1"
"2019-11-07-151359_389.jpg", "1"
"2019-11-07-151359_391.jpg", "1"
"2019-11-07-151359_393.jpg", "1"
"2019-11-07-151359_395.jpg", "1"
"2019-11-07-151359_397.jpg", "1"
"2019-11-07-151359_398.jpg", "1"
"2019-11-07-151359_400.jpg", "1"
"2019-11-07-151359_402.jpg", "1"
"2019-11-07-151359_404.jpg", "1"
"2019-11-07-151359_406.jpg", "1"
"2019-11-07-151359_408.jpg", "1"
"2019-11-07-151359_409.jpg", "1"
"2019-11-07-151359_411.jpg", "1"
"2019-11-07-151359_413.jpg", "1"
"2019-11-07-151359_415.jpg", "1"
"2019-11-07-151359_417.jpg", "1"
"2019-11-07-151359_419.jpg", "1"
"2019-11-07-151359_421.jpg", "1"
"2019-11-07-151359_422.jpg", "1"
"2019-11-07-151359_424.jpg", "1"
"2019-11-07-151359_427.jpg", "1"
"2019-11-07-151359_429.jpg", "1"
"2019-11-07-151359_431.jpg", "1"
"2019-11-07-151359_432.jpg", "1"
"2019-11-07-151359_434.jpg", "1"
"2019-11-07-151359_436.jpg", "1"
"2019-11-07-151359_438.jpg", "1"
"2019-11-07-151359_440.jpg", "1"
"2019-11-07-151359_442.jpg", "1"
"2019-11-07-151359_488.jpg", "1"
"2019-11-07-151359_490.jpg", "1"
"2019-11-07-151359_492.jpg", "1"
"2019-11-07-151359_501.jpg", "1"
"2019-11-07-151359_505.jpg", "1"
"2019-11-07-151359_509.jpg", "1"
"2019-11-07-151359_513.jpg", "1"
"2019-11-07-151359_515.jpg", "1"
"2019-11-07-151359_517.jpg", "1"
"2019-11-07-151359_519.jpg", "1"
"2019-11-07-151359_521.jpg", "1"
"2019-11-07-151359_523.jpg", "1"
"2019-11-07-151359_527.jpg", "1"
"2019-11-07-151359_530.jpg", "1"
"2019-11-07-151359_534.jpg", "1"
"2019-11-07-151359_538.jpg", "1"
"2019-11-07-151359_547.jpg", "1"
"2019-11-07-151359_549.jpg", "1"
"2019-11-07-151359_551.jpg", "1"
"2019-11-07-151359_554.jpg", "1"
"2019-11-07-151359_558.jpg", "1"
"2019-11-07-151359_562.jpg", "1"
"2019-11-07-151359_575.jpg", "1"
"2019-11-07-151359_579.jpg", "1"
"2019-11-07-151359_584.jpg", "1"
"2019-11-07-151359_587.jpg", "1"
"2019-11-07-151359_589.jpg", "1"
"2019-11-07-151359_591.jpg", "1"
"2019-11-07-151359_593.jpg", "1"
"2019-11-07-151359_595.jpg", "1"
"2019-11-07-151359_597.jpg", "1"
"2019-11-07-151359_599.jpg", "1"
"2019-11-07-151359_601.jpg", "1"
"2019-11-07-151359_603.jpg", "1"
"2019-11-07-151359_605.jpg", "1"
"2019-11-07-151359_607.jpg", "1"
"2019-11-07-151359_609.jpg", "1"
"2019-11-07-151359_610.jpg", "1"
"2019-11-07-151359_612.jpg", "1"
"2019-11-07-151359_614.jpg", "1"
"2019-11-07-151359_665.jpg", "1"
"2019-11-07-151359_667.jpg", "1"
"2019-11-07-151359_669.jpg", "1"
"2019-11-07-151359_671.jpg", "1"
"2019-11-07-151359_673.jpg", "1"
"2019-11-07-151359_702.jpg", "1"
"2019-11-07-151359_704.jpg", "1"
"2019-11-07-151359_705.jpg", "1"
"2019-11-07-151359_707.jpg", "1"
"2019-11-07-151359_709.jpg", "1"
"2019-11-07-151359_710.jpg", "1"
"2019-11-07-151359_712.jpg", "1"
"2019-11-07-151359_714.jpg", "1"
"2019-11-07-151359_715.jpg", "1"
"2019-11-07-151359_717.jpg", "1"
"2019-11-07-151359_718.jpg", "1"
"2019-11-07-151359_720.jpg", "1"
"2019-11-07-151359_722.jpg", "1"
"2019-11-07-151359_734.jpg", "1"
"2019-11-07-151359_735.jpg", "1"
"2019-11-07-151359_737.jpg", "1"
"2019-11-07-151359_884.jpg", "1"
"2019-11-07-151359_886.jpg", "1"
"2019-11-07-151359_887.jpg", "1"
"2019-11-07-151359_889.jpg", "1"
"2019-11-07-151359_891.jpg", "1"
"2019-11-07-151359_892.jpg", "1"
"2019-11-07-151359_894.jpg", "1"
"2019-11-07-151359_896.jpg", "1"
"2019-11-07-151359_898.jpg", "1"
"2019-11-07-151359_900.jpg", "1"
"2019-11-07-151359_901.jpg", "1"
"2019-11-07-151359_903.jpg", "1"
"2019-11-07-151359_905.jpg", "1"
"2019-11-07-151359_907.jpg", "1"
"2019-11-07-151359_909.jpg", "1"
"2019-11-07-151359_911.jpg", "1"
"2019-11-07-151359_913.jpg", "1"
"2019-11-07-151359_915.jpg", "1"
"2019-11-07-151359_917.jpg", "1"
"2019-11-07-151359_927.jpg", "1"
"2019-11-07-151359_929.jpg", "1"
"2019-11-07-151359_930.jpg", "1"
"2019-11-07-151359_932.jpg", "1"
"2019-11-07-151359_933.jpg", "1"
"2019-11-07-151359_935.jpg", "1"
"2019-11-07-151359_936.jpg", "1"
"2019-11-07-151359_938.jpg", "1"
"2019-11-07-151359_943.jpg", "1"
"2019-11-07-151359_945.jpg", "1"
"2019-11-07-151359_946.jpg", "1"
"2019-11-07-151359_948.jpg", "1"
"2019-11-07-151359_950.jpg", "1"
"2019-11-07-151359_952.jpg", "1"
"2019-11-07-151359_960.jpg", "1"
"2019-11-07-151359_962.jpg", "1"
"2019-11-07-151359_964.jpg", "1"
"2019-11-07-151359_965.jpg", "1"
"2019-11-07-151359_978.jpg", "1"
"2019-11-07-151359_980.jpg", "1"
"2019-11-07-151359_982.jpg", "1"
"2019-11-07-151359_984.jpg", "1"
"2019-11-07-151359_986.jpg", "1"
"2019-11-07-151359_98.jpg", "1"
"2019-11-07-151814_0.jpg", "1"
"2019-11-07-151814_1000.jpg", "1"
"2019-11-07-151814_1001.jpg", "1"
"2019-11-07-151814_1002.jpg", "1"
"2019-11-07-151814_1003.jpg", "1"
"2019-11-07-151814_1004.jpg", "1"
"2019-11-07-151814_1005.jpg", "1"
"2019-11-07-151814_1006.jpg", "1"
"2019-11-07-151814_1007.jpg", "1"
"2019-11-07-151814_1008.jpg", "1"
"2019-11-07-151814_1009.jpg", "1"
"2019-11-07-151814_1010.jpg", "1"
"2019-11-07-151814_1011.jpg", "1"
"2019-11-07-151814_1012.jpg", "1"
"2019-11-07-151814_1013.jpg", "1"
"2019-11-07-151814_1014.jpg", "1"
"2019-11-07-151814_1015.jpg", "1"
"2019-11-07-151814_1016.jpg", "1"
"2019-11-07-151814_1017.jpg", "1"
"2019-11-07-151814_1018.jpg", "1"
"2019-11-07-151814_1019.jpg", "1"
"2019-11-07-151814_1020.jpg", "1"
"2019-11-07-151814_1021.jpg", "1"
"2019-11-07-151814_1022.jpg", "1"
"2019-11-07-151814_1023.jpg", "1"
"2019-11-07-151814_1024.jpg", "1"
"2019-11-07-151814_1025.jpg", "1"
"2019-11-07-151814_1026.jpg", "1"
"2019-11-07-151814_1027.jpg", "1"
"2019-11-07-151814_1028.jpg", "1"
"2019-11-07-151814_1029.jpg", "1"
"2019-11-07-151814_1030.jpg", "1"
"2019-11-07-151814_1031.jpg", "1"
"2019-11-07-151814_1032.jpg", "1"
"2019-11-07-151814_1033.jpg", "1"
"2019-11-07-151814_1034.jpg", "1"
"2019-11-07-151814_1038.jpg", "1"
"2019-11-07-151814_1039.jpg", "1"
"2019-11-07-151814_1040.jpg", "1"
"2019-11-07-151814_1041.jpg", "1"
"2019-11-07-151814_1042.jpg", "1"
"2019-11-07-151814_1043.jpg", "1"
"2019-11-07-151814_1044.jpg", "1"
"2019-11-07-151814_1045.jpg", "1"
"2019-11-07-151814_1046.jpg", "1"
"2019-11-07-151814_1047.jpg", "1"
"2019-11-07-151814_1048.jpg", "1"
"2019-11-07-151814_1049.jpg", "1"
"2019-11-07-151814_1050.jpg", "1"
"2019-11-07-151814_1070.jpg", "1"
"2019-11-07-151814_1071.jpg", "1"
"2019-11-07-151814_1072.jpg", "1"
"2019-11-07-151814_1073.jpg", "1"
"2019-11-07-151814_1074.jpg", "1"
"2019-11-07-151814_1075.jpg", "1"
"2019-11-07-151814_1076.jpg", "1"
"2019-11-07-151814_1077.jpg", "1"
"2019-11-07-151814_1078.jpg", "1"
"2019-11-07-151814_1079.jpg", "1"
"2019-11-07-151814_1080.jpg", "1"
"2019-11-07-151814_1081.jpg", "1"
"2019-11-07-151814_1082.jpg", "1"
"2019-11-07-151814_1083.jpg", "1"
"2019-11-07-151814_1084.jpg", "1"
"2019-11-07-151814_1085.jpg", "1"
"2019-11-07-151814_1086.jpg", "1"
"2019-11-07-151814_1087.jpg", "1"
"2019-11-07-151814_1088.jpg", "1"
"2019-11-07-151814_1089.jpg", "1"
"2019-11-07-151814_1090.jpg", "1"
"2019-11-07-151814_1091.jpg", "1"
"2019-11-07-151814_1092.jpg", "1"
"2019-11-07-151814_1093.jpg", "1"
"2019-11-07-151814_1094.jpg", "1"
"2019-11-07-151814_1095.jpg", "1"
"2019-11-07-151814_1096.jpg", "1"
"2019-11-07-151814_1097.jpg", "1"
"2019-11-07-151814_1098.jpg", "1"
"2019-11-07-151814_1099.jpg", "1"
"2019-11-07-151814_10.jpg", "1"
"2019-11-07-151814_1100.jpg", "1"
"2019-11-07-151814_1101.jpg", "1"
"2019-11-07-151814_1102.jpg", "1"
"2019-11-07-151814_1103.jpg", "1"
"2019-11-07-151814_1104.jpg", "1"
"2019-11-07-151814_1105.jpg", "1"
"2019-11-07-151814_1106.jpg", "1"
"2019-11-07-151814_1107.jpg", "1"
"2019-11-07-151814_1108.jpg", "1"
"2019-11-07-151814_1109.jpg", "1"
"2019-11-07-151814_1110.jpg", "1"
"2019-11-07-151814_1111.jpg", "1"
"2019-11-07-151814_1112.jpg", "1"
"2019-11-07-151814_1113.jpg", "1"
"2019-11-07-151814_1114.jpg", "1"
"2019-11-07-151814_1115.jpg", "1"
"2019-11-07-151814_1116.jpg", "1"
"2019-11-07-151814_1117.jpg", "1"
"2019-11-07-151814_1118.jpg", "1"
"2019-11-07-151814_1123.jpg", "1"
"2019-11-07-151814_1124.jpg", "1"
"2019-11-07-151814_1125.jpg", "1"
"2019-11-07-151814_1126.jpg", "1"
"2019-11-07-151814_1127.jpg", "1"
"2019-11-07-151814_1128.jpg", "1"
"2019-11-07-151814_1129.jpg", "1"
"2019-11-07-151814_1130.jpg", "1"
"2019-11-07-151814_1131.jpg", "1"
"2019-11-07-151814_1132.jpg", "1"
"2019-11-07-151814_1133.jpg", "1"
"2019-11-07-151814_1134.jpg", "1"
"2019-11-07-151814_1135.jpg", "1"
"2019-11-07-151814_1136.jpg", "1"
"2019-11-07-151814_1137.jpg", "1"
"2019-11-07-151814_1138.jpg", "1"
"2019-11-07-151814_1139.jpg", "1"
"2019-11-07-151814_1140.jpg", "1"
"2019-11-07-151814_1141.jpg", "1"
"2019-11-07-151814_1142.jpg", "1"
"2019-11-07-151814_1143.jpg", "1"
"2019-11-07-151814_1144.jpg", "1"
"2019-11-07-151814_1145.jpg", "1"
"2019-11-07-151814_1146.jpg", "1"
"2019-11-07-151814_1147.jpg", "1"
"2019-11-07-151814_1148.jpg", "1"
"2019-11-07-151814_1149.jpg", "1"
"2019-11-07-151814_1150.jpg", "1"
"2019-11-07-151814_1151.jpg", "1"
"2019-11-07-151814_1152.jpg", "1"
"2019-11-07-151814_1153.jpg", "1"
"2019-11-07-151814_1154.jpg", "1"
"2019-11-07-151814_11.jpg", "1"
"2019-11-07-151814_12.jpg", "1"
"2019-11-07-151814_131.jpg", "1"
"2019-11-07-151814_132.jpg", "1"
"2019-11-07-151814_133.jpg", "1"
"2019-11-07-151814_134.jpg", "1"
"2019-11-07-151814_135.jpg", "1"
"2019-11-07-151814_136.jpg", "1"
"2019-11-07-151814_137.jpg", "1"
"2019-11-07-151814_138.jpg", "1"
"2019-11-07-151814_139.jpg", "1"
"2019-11-07-151814_13.jpg", "1"
"2019-11-07-151814_140.jpg", "1"
"2019-11-07-151814_141.jpg", "1"
"2019-11-07-151814_142.jpg", "1"
"2019-11-07-151814_143.jpg", "1"
"2019-11-07-151814_144.jpg", "1"
"2019-11-07-151814_145.jpg", "1"
"2019-11-07-151814_146.jpg", "1"
"2019-11-07-151814_1493.jpg", "1"
"2019-11-07-151814_1494.jpg", "1"
"2019-11-07-151814_1495.jpg", "1"
"2019-11-07-151814_1496.jpg", "1"
"2019-11-07-151814_1497.jpg", "1"
"2019-11-07-151814_1498.jpg", "1"
"2019-11-07-151814_1499.jpg", "1"
"2019-11-07-151814_14.jpg", "1"
"2019-11-07-151814_1500.jpg", "1"
"2019-11-07-151814_1501.jpg", "1"
"2019-11-07-151814_1502.jpg", "1"
"2019-11-07-151814_1503.jpg", "1"
"2019-11-07-151814_1504.jpg", "1"
"2019-11-07-151814_1505.jpg", "1"
"2019-11-07-151814_1506.jpg", "1"
"2019-11-07-151814_1507.jpg", "1"
"2019-11-07-151814_1508.jpg", "1"
"2019-11-07-151814_1509.jpg", "1"
"2019-11-07-151814_1510.jpg", "1"
"2019-11-07-151814_1511.jpg", "1"
"2019-11-07-151814_1512.jpg", "1"
"2019-11-07-151814_1513.jpg", "1"
"2019-11-07-151814_1514.jpg", "1"
"2019-11-07-151814_1515.jpg", "1"
"2019-11-07-151814_1516.jpg", "1"
"2019-11-07-151814_1517.jpg", "1"
"2019-11-07-151814_1518.jpg", "1"
"2019-11-07-151814_1520.jpg", "1"
"2019-11-07-151814_1521.jpg", "1"
"2019-11-07-151814_1522.jpg", "1"
"2019-11-07-151814_1524.jpg", "1"
"2019-11-07-151814_1526.jpg", "1"
"2019-11-07-151814_1528.jpg", "1"
"2019-11-07-151814_1531.jpg", "1"
"2019-11-07-151814_1533.jpg", "1"
"2019-11-07-151814_1535.jpg", "1"
"2019-11-07-151814_1537.jpg", "1"
"2019-11-07-151814_1539.jpg", "1"
"2019-11-07-151814_1541.jpg", "1"
"2019-11-07-151814_1543.jpg", "1"
"2019-11-07-151814_1545.jpg", "1"
"2019-11-07-151814_1547.jpg", "1"
"2019-11-07-151814_1549.jpg", "1"
"2019-11-07-151814_1551.jpg", "1"
"2019-11-07-151814_1553.jpg", "1"
"2019-11-07-151814_1555.jpg", "1"
"2019-11-07-151814_1557.jpg", "1"
"2019-11-07-151814_1559.jpg", "1"
"2019-11-07-151814_1562.jpg", "1"
"2019-11-07-151814_1564.jpg", "1"
"2019-11-07-151814_1566.jpg", "1"
"2019-11-07-151814_1567.jpg", "1"
"2019-11-07-151814_1569.jpg", "1"
"2019-11-07-151814_1571.jpg", "1"
"2019-11-07-151814_1573.jpg", "1"
"2019-11-07-151814_1575.jpg", "1"
"2019-11-07-151814_1577.jpg", "1"
"2019-11-07-151814_1579.jpg", "1"
"2019-11-07-151814_1581.jpg", "1"
"2019-11-07-151814_1583.jpg", "1"
"2019-11-07-151814_1585.jpg", "1"
"2019-11-07-151814_1587.jpg", "1"
"2019-11-07-151814_1589.jpg", "1"
"2019-11-07-151814_1591.jpg", "1"
"2019-11-07-151814_1593.jpg", "1"
"2019-11-07-151814_1595.jpg", "1"
"2019-11-07-151814_1597.jpg", "1"
"2019-11-07-151814_1599.jpg", "1"
"2019-11-07-151814_15.jpg", "1"
"2019-11-07-151814_1601.jpg", "1"
"2019-11-07-151814_1603.jpg", "1"
"2019-11-07-151814_1605.jpg", "1"
"2019-11-07-151814_1607.jpg", "1"
"2019-11-07-151814_1609.jpg", "1"
"2019-11-07-151814_1611.jpg", "1"
"2019-11-07-151814_1613.jpg", "1"
"2019-11-07-151814_1615.jpg", "1"
"2019-11-07-151814_1617.jpg", "1"
"2019-11-07-151814_1619.jpg", "1"
"2019-11-07-151814_1669.jpg", "1"
"2019-11-07-151814_1671.jpg", "1"
"2019-11-07-151814_1673.jpg", "1"
"2019-11-07-151814_1675.jpg", "1"
"2019-11-07-151814_1677.jpg", "1"
"2019-11-07-151814_1679.jpg", "1"
"2019-11-07-151814_1680.jpg", "1"
"2019-11-07-151814_1681.jpg", "1"
"2019-11-07-151814_1682.jpg", "1"
"2019-11-07-151814_1683.jpg", "1"
"2019-11-07-151814_1688.jpg", "1"
"2019-11-07-151814_1689.jpg", "1"
"2019-11-07-151814_1690.jpg", "1"
"2019-11-07-151814_1691.jpg", "1"
"2019-11-07-151814_1692.jpg", "1"
"2019-11-07-151814_1693.jpg", "1"
"2019-11-07-151814_1694.jpg", "1"
"2019-11-07-151814_1695.jpg", "1"
"2019-11-07-151814_1696.jpg", "1"
"2019-11-07-151814_1697.jpg", "1"
"2019-11-07-151814_1698.jpg", "1"
"2019-11-07-151814_1699.jpg", "1"
"2019-11-07-151814_16.jpg", "1"
"2019-11-07-151814_1700.jpg", "1"
"2019-11-07-151814_1701.jpg", "1"
"2019-11-07-151814_1702.jpg", "1"
"2019-11-07-151814_1703.jpg", "1"
"2019-11-07-151814_1704.jpg", "1"
"2019-11-07-151814_1705.jpg", "1"
"2019-11-07-151814_1706.jpg", "1"
"2019-11-07-151814_1707.jpg", "1"
"2019-11-07-151814_1709.jpg", "1"
"2019-11-07-151814_1711.jpg", "1"
"2019-11-07-151814_1713.jpg", "1"
"2019-11-07-151814_1715.jpg", "1"
"2019-11-07-151814_1798.jpg", "1"
"2019-11-07-151814_17.jpg", "1"
"2019-11-07-151814_1820.jpg", "1"
"2019-11-07-151814_1821.jpg", "1"
"2019-11-07-151814_1822.jpg", "1"
"2019-11-07-151814_1823.jpg", "1"
"2019-11-07-151814_1824.jpg", "1"
"2019-11-07-151814_1825.jpg", "1"
"2019-11-07-151814_1827.jpg", "1"
"2019-11-07-151814_1829.jpg", "1"
"2019-11-07-151814_1831.jpg", "1"
"2019-11-07-151814_1832.jpg", "1"
"2019-11-07-151814_1833.jpg", "1"
"2019-11-07-151814_1834.jpg", "1"
"2019-11-07-151814_1835.jpg", "1"
"2019-11-07-151814_1836.jpg", "1"
"2019-11-07-151814_1837.jpg", "1"
"2019-11-07-151814_1838.jpg", "1"
"2019-11-07-151814_1839.jpg", "1"
"2019-11-07-151814_1840.jpg", "1"
"2019-11-07-151814_1841.jpg", "1"
"2019-11-07-151814_1842.jpg", "1"
"2019-11-07-151814_1844.jpg", "1"
"2019-11-07-151814_1846.jpg", "1"
"2019-11-07-151814_1848.jpg", "1"
"2019-11-07-151814_1850.jpg", "1"
"2019-11-07-151814_1852.jpg", "1"
"2019-11-07-151814_1854.jpg", "1"
"2019-11-07-151814_1855.jpg", "1"
"2019-11-07-151814_1856.jpg", "1"
"2019-11-07-151814_1857.jpg", "1"
"2019-11-07-151814_1858.jpg", "1"
"2019-11-07-151814_1859.jpg", "1"
"2019-11-07-151814_1860.jpg", "1"
"2019-11-07-151814_1861.jpg", "1"
"2019-11-07-151814_1862.jpg", "1"
"2019-11-07-151814_1864.jpg", "1"
"2019-11-07-151814_1865.jpg", "1"
"2019-11-07-151814_1866.jpg", "1"
"2019-11-07-151814_1867.jpg", "1"
"2019-11-07-151814_1868.jpg", "1"
"2019-11-07-151814_1869.jpg", "1"
"2019-11-07-151814_1870.jpg", "1"
"2019-11-07-151814_1871.jpg", "1"
"2019-11-07-151814_1872.jpg", "1"
"2019-11-07-151814_1873.jpg", "1"
"2019-11-07-151814_1874.jpg", "1"
"2019-11-07-151814_1875.jpg", "1"
"2019-11-07-151814_1876.jpg", "1"
"2019-11-07-151814_1877.jpg", "1"
"2019-11-07-151814_1878.jpg", "1"
"2019-11-07-151814_1879.jpg", "1"
"2019-11-07-151814_1881.jpg", "1"
"2019-11-07-151814_1882.jpg", "1"
"2019-11-07-151814_1883.jpg", "1"
"2019-11-07-151814_1884.jpg", "1"
"2019-11-07-151814_1885.jpg", "1"
"2019-11-07-151814_1886.jpg", "1"
"2019-11-07-151814_1887.jpg", "1"
"2019-11-07-151814_1888.jpg", "1"
"2019-11-07-151814_1889.jpg", "1"
"2019-11-07-151814_1890.jpg", "1"
"2019-11-07-151814_1891.jpg", "1"
"2019-11-07-151814_1892.jpg", "1"
"2019-11-07-151814_1893.jpg", "1"
"2019-11-07-151814_1894.jpg", "1"
"2019-11-07-151814_1895.jpg", "1"
"2019-11-07-151814_1896.jpg", "1"
"2019-11-07-151814_1897.jpg", "1"
"2019-11-07-151814_1898.jpg", "1"
"2019-11-07-151814_1899.jpg", "1"
"2019-11-07-151814_18.jpg", "1"
"2019-11-07-151814_1900.jpg", "1"
"2019-11-07-151814_1901.jpg", "1"
"2019-11-07-151814_1902.jpg", "1"
"2019-11-07-151814_1903.jpg", "1"
"2019-11-07-151814_1904.jpg", "1"
"2019-11-07-151814_1905.jpg", "1"
"2019-11-07-151814_1906.jpg", "1"
"2019-11-07-151814_1907.jpg", "1"
"2019-11-07-151814_1908.jpg", "1"
"2019-11-07-151814_1909.jpg", "1"
"2019-11-07-151814_1910.jpg", "1"
"2019-11-07-151814_1911.jpg", "1"
"2019-11-07-151814_1912.jpg", "1"
"2019-11-07-151814_1913.jpg", "1"
"2019-11-07-151814_1914.jpg", "1"
"2019-11-07-151814_1915.jpg", "1"
"2019-11-07-151814_1916.jpg", "1"
"2019-11-07-151814_1921.jpg", "1"
"2019-11-07-151814_1922.jpg", "1"
"2019-11-07-151814_1956.jpg", "1"
"2019-11-07-151814_19.jpg", "1"
"2019-11-07-151814_1.jpg", "1"
"2019-11-07-151814_20.jpg", "1"
"2019-11-07-151814_21.jpg", "1"
"2019-11-07-151814_22.jpg", "1"
"2019-11-07-151814_23.jpg", "1"
"2019-11-07-151814_24.jpg", "1"
"2019-11-07-151814_25.jpg", "1"
"2019-11-07-151814_26.jpg", "1"
"2019-11-07-151814_27.jpg", "1"
"2019-11-07-151814_28.jpg", "1"
"2019-11-07-151814_29.jpg", "1"
"2019-11-07-151814_2.jpg", "1"
"2019-11-07-151814_30.jpg", "1"
"2019-11-07-151814_31.jpg", "1"
"2019-11-07-151814_3.jpg", "1"
"2019-11-07-151814_4.jpg", "1"
"2019-11-07-151814_5.jpg", "1"
"2019-11-07-151814_6.jpg", "1"
"2019-11-07-151814_7.jpg", "1"
"2019-11-07-151814_834.jpg", "1"
"2019-11-07-151814_835.jpg", "1"
"2019-11-07-151814_836.jpg", "1"
"2019-11-07-151814_837.jpg", "1"
"2019-11-07-151814_838.jpg", "1"
"2019-11-07-151814_839.jpg", "1"
"2019-11-07-151814_840.jpg", "1"
"2019-11-07-151814_841.jpg", "1"
"2019-11-07-151814_842.jpg", "1"
"2019-11-07-151814_843.jpg", "1"
"2019-11-07-151814_844.jpg", "1"
"2019-11-07-151814_845.jpg", "1"
"2019-11-07-151814_846.jpg", "1"
"2019-11-07-151814_847.jpg", "1"
"2019-11-07-151814_848.jpg", "1"
"2019-11-07-151814_849.jpg", "1"
"2019-11-07-151814_850.jpg", "1"
"2019-11-07-151814_851.jpg", "1"
"2019-11-07-151814_852.jpg", "1"
"2019-11-07-151814_853.jpg", "1"
"2019-11-07-151814_854.jpg", "1"
"2019-11-07-151814_855.jpg", "1"
"2019-11-07-151814_856.jpg", "1"
"2019-11-07-151814_857.jpg", "1"
"2019-11-07-151814_858.jpg", "1"
"2019-11-07-151814_859.jpg", "1"
"2019-11-07-151814_860.jpg", "1"
"2019-11-07-151814_861.jpg", "1"
"2019-11-07-151814_862.jpg", "1"
"2019-11-07-151814_863.jpg", "1"
"2019-11-07-151814_864.jpg", "1"
"2019-11-07-151814_865.jpg", "1"
"2019-11-07-151814_866.jpg", "1"
"2019-11-07-151814_867.jpg", "1"
"2019-11-07-151814_868.jpg", "1"
"2019-11-07-151814_869.jpg", "1"
"2019-11-07-151814_870.jpg", "1"
"2019-11-07-151814_871.jpg", "1"
"2019-11-07-151814_872.jpg", "1"
"2019-11-07-151814_873.jpg", "1"
"2019-11-07-151814_8.jpg", "1"
"2019-11-07-151814_939.jpg", "1"
"2019-11-07-151814_940.jpg", "1"
"2019-11-07-151814_941.jpg", "1"
"2019-11-07-151814_942.jpg", "1"
"2019-11-07-151814_943.jpg", "1"
"2019-11-07-151814_944.jpg", "1"
"2019-11-07-151814_945.jpg", "1"
"2019-11-07-151814_946.jpg", "1"
"2019-11-07-151814_947.jpg", "1"
"2019-11-07-151814_948.jpg", "1"
"2019-11-07-151814_949.jpg", "1"
"2019-11-07-151814_950.jpg", "1"
"2019-11-07-151814_951.jpg", "1"
"2019-11-07-151814_952.jpg", "1"
"2019-11-07-151814_953.jpg", "1"
"2019-11-07-151814_954.jpg", "1"
"2019-11-07-151814_955.jpg", "1"
"2019-11-07-151814_956.jpg", "1"
"2019-11-07-151814_957.jpg", "1"
"2019-11-07-151814_958.jpg", "1"
"2019-11-07-151814_959.jpg", "1"
"2019-11-07-151814_960.jpg", "1"
"2019-11-07-151814_961.jpg", "1"
"2019-11-07-151814_962.jpg", "1"
"2019-11-07-151814_963.jpg", "1"
"2019-11-07-151814_964.jpg", "1"
"2019-11-07-151814_965.jpg", "1"
"2019-11-07-151814_966.jpg", "1"
"2019-11-07-151814_967.jpg", "1"
"2019-11-07-151814_968.jpg", "1"
"2019-11-07-151814_969.jpg", "1"
"2019-11-07-151814_970.jpg", "1"
"2019-11-07-151814_971.jpg", "1"
"2019-11-07-151814_972.jpg", "1"
"2019-11-07-151814_973.jpg", "1"
"2019-11-07-151814_974.jpg", "1"
"2019-11-07-151814_975.jpg", "1"
"2019-11-07-151814_976.jpg", "1"
"2019-11-07-151814_977.jpg", "1"
"2019-11-07-151814_978.jpg", "1"
"2019-11-07-151814_979.jpg", "1"
"2019-11-07-151814_980.jpg", "1"
"2019-11-07-151814_981.jpg", "1"
"2019-11-07-151814_982.jpg", "1"
"2019-11-07-151814_983.jpg", "1"
"2019-11-07-151814_987.jpg", "1"
"2019-11-07-151814_988.jpg", "1"
"2019-11-07-151814_989.jpg", "1"
"2019-11-07-151814_990.jpg", "1"
"2019-11-07-151814_991.jpg", "1"
"2019-11-07-151814_992.jpg", "1"
"2019-11-07-151814_993.jpg", "1"
"2019-11-07-151814_994.jpg", "1"
"2019-11-07-151814_995.jpg", "1"
"2019-11-07-151814_996.jpg", "1"
"2019-11-07-151814_997.jpg", "1"
"2019-11-07-151814_998.jpg", "1"
"2019-11-07-151814_999.jpg", "1"
"2019-11-07-151814_9.jpg", "1"
