"0_2019-11-07-221042_center.jpg", 3
"102_2019-11-07-221042_center.jpg", 3
"105_2019-11-07-221042_center.jpg", 3
"108_2019-11-07-221042_center.jpg", 3
"111_2019-11-07-221042_center.jpg", 3
"114_2019-11-07-221042_center.jpg", 3
"117_2019-11-07-221042_center.jpg", 3
"120_2019-11-07-221042_center.jpg", 3
"12_2019-11-07-221042_center.jpg", 3
"123_2019-11-07-221042_center.jpg", 3
"126_2019-11-07-221042_center.jpg", 3
"129_2019-11-07-221042_center.jpg", 3
"132_2019-11-07-221042_center.jpg", 3
"135_2019-11-07-221042_center.jpg", 3
"138_2019-11-07-221042_center.jpg", 3
"141_2019-11-07-221042_center.jpg", 3
"144_2019-11-07-221042_center.jpg", 3
"147_2019-11-07-221042_center.jpg", 3
"150_2019-11-07-221042_center.jpg", 3
"15_2019-11-07-221042_center.jpg", 3
"18_2019-11-07-221042_center.jpg", 3
"21_2019-11-07-221042_center.jpg", 3
"24_2019-11-07-221042_center.jpg", 3
"27_2019-11-07-221042_center.jpg", 3
"30_2019-11-07-221042_center.jpg", 3
"3_2019-11-07-221042_center.jpg", 3
"33_2019-11-07-221042_center.jpg", 3
"36_2019-11-07-221042_center.jpg", 3
"39_2019-11-07-221042_center.jpg", 3
"42_2019-11-07-221042_center.jpg", 3
"45_2019-11-07-221042_center.jpg", 3
"48_2019-11-07-221042_center.jpg", 3
"51_2019-11-07-221042_center.jpg", 3
"54_2019-11-07-221042_center.jpg", 3
"57_2019-11-07-221042_center.jpg", 3
"60_2019-11-07-221042_center.jpg", 3
"6_2019-11-07-221042_center.jpg", 3
"63_2019-11-07-221042_center.jpg", 3
"66_2019-11-07-221042_center.jpg", 3
"69_2019-11-07-221042_center.jpg", 3
"72_2019-11-07-221042_center.jpg", 3
"75_2019-11-07-221042_center.jpg", 3
"78_2019-11-07-221042_center.jpg", 3
"81_2019-11-07-221042_center.jpg", 3
"84_2019-11-07-221042_center.jpg", 3
"87_2019-11-07-221042_center.jpg", 3
"90_2019-11-07-221042_center.jpg", 3
"9_2019-11-07-221042_center.jpg", 3
"93_2019-11-07-221042_center.jpg", 3
"96_2019-11-07-221042_center.jpg", 3
"99_2019-11-07-221042_center.jpg", 3
