"0_2019-11-07-220957_right.jpg", 1
"102_2019-11-07-220957_right.jpg", 1
"105_2019-11-07-220957_right.jpg", 1
"108_2019-11-07-220957_right.jpg", 1
"111_2019-11-07-220957_right.jpg", 1
"114_2019-11-07-220957_right.jpg", 1
"117_2019-11-07-220957_right.jpg", 1
"120_2019-11-07-220957_right.jpg", 1
"12_2019-11-07-220957_right.jpg", 1
"123_2019-11-07-220957_right.jpg", 1
"126_2019-11-07-220957_right.jpg", 1
"129_2019-11-07-220957_right.jpg", 1
"132_2019-11-07-220957_right.jpg", 1
"135_2019-11-07-220957_right.jpg", 1
"138_2019-11-07-220957_right.jpg", 1
"141_2019-11-07-220957_right.jpg", 1
"144_2019-11-07-220957_right.jpg", 1
"147_2019-11-07-220957_right.jpg", 1
"150_2019-11-07-220957_right.jpg", 1
"15_2019-11-07-220957_right.jpg", 1
"153_2019-11-07-220957_right.jpg", 1
"156_2019-11-07-220957_right.jpg", 1
"159_2019-11-07-220957_right.jpg", 1
"162_2019-11-07-220957_right.jpg", 1
"165_2019-11-07-220957_right.jpg", 1
"168_2019-11-07-220957_right.jpg", 1
"171_2019-11-07-220957_right.jpg", 1
"174_2019-11-07-220957_right.jpg", 1
"177_2019-11-07-220957_right.jpg", 1
"180_2019-11-07-220957_right.jpg", 1
"18_2019-11-07-220957_right.jpg", 1
"183_2019-11-07-220957_right.jpg", 1
"186_2019-11-07-220957_right.jpg", 1
"189_2019-11-07-220957_right.jpg", 1
"192_2019-11-07-220957_right.jpg", 1
"195_2019-11-07-220957_right.jpg", 1
"198_2019-11-07-220957_right.jpg", 1
"201_2019-11-07-220957_right.jpg", 1
"204_2019-11-07-220957_right.jpg", 1
"207_2019-11-07-220957_right.jpg", 1
"210_2019-11-07-220957_right.jpg", 1
"21_2019-11-07-220957_right.jpg", 1
"213_2019-11-07-220957_right.jpg", 1
"216_2019-11-07-220957_right.jpg", 1
"219_2019-11-07-220957_right.jpg", 1
"222_2019-11-07-220957_right.jpg", 1
"225_2019-11-07-220957_right.jpg", 1
"228_2019-11-07-220957_right.jpg", 1
"231_2019-11-07-220957_right.jpg", 1
"234_2019-11-07-220957_right.jpg", 1
"237_2019-11-07-220957_right.jpg", 1
"24_2019-11-07-220957_right.jpg", 1
"27_2019-11-07-220957_right.jpg", 1
"30_2019-11-07-220957_right.jpg", 1
"3_2019-11-07-220957_right.jpg", 1
"33_2019-11-07-220957_right.jpg", 1
"36_2019-11-07-220957_right.jpg", 1
"39_2019-11-07-220957_right.jpg", 1
"42_2019-11-07-220957_right.jpg", 1
"45_2019-11-07-220957_right.jpg", 1
"48_2019-11-07-220957_right.jpg", 1
"51_2019-11-07-220957_right.jpg", 1
"54_2019-11-07-220957_right.jpg", 1
"57_2019-11-07-220957_right.jpg", 1
"60_2019-11-07-220957_right.jpg", 1
"6_2019-11-07-220957_right.jpg", 1
"63_2019-11-07-220957_right.jpg", 1
"66_2019-11-07-220957_right.jpg", 1
"69_2019-11-07-220957_right.jpg", 1
"72_2019-11-07-220957_right.jpg", 1
"75_2019-11-07-220957_right.jpg", 1
"78_2019-11-07-220957_right.jpg", 1
"81_2019-11-07-220957_right.jpg", 1
"84_2019-11-07-220957_right.jpg", 1
"87_2019-11-07-220957_right.jpg", 1
"90_2019-11-07-220957_right.jpg", 1
"9_2019-11-07-220957_right.jpg", 1
"93_2019-11-07-220957_right.jpg", 1
"96_2019-11-07-220957_right.jpg", 1
"99_2019-11-07-220957_right.jpg", 1
