"0_2019-11-07-221019_left.jpg", 2
"102_2019-11-07-221019_left.jpg", 2
"105_2019-11-07-221019_left.jpg", 2
"108_2019-11-07-221019_left.jpg", 2
"111_2019-11-07-221019_left.jpg", 2
"114_2019-11-07-221019_left.jpg", 2
"117_2019-11-07-221019_left.jpg", 2
"120_2019-11-07-221019_left.jpg", 2
"12_2019-11-07-221019_left.jpg", 2
"123_2019-11-07-221019_left.jpg", 2
"126_2019-11-07-221019_left.jpg", 2
"129_2019-11-07-221019_left.jpg", 2
"132_2019-11-07-221019_left.jpg", 2
"135_2019-11-07-221019_left.jpg", 2
"138_2019-11-07-221019_left.jpg", 2
"141_2019-11-07-221019_left.jpg", 2
"144_2019-11-07-221019_left.jpg", 2
"147_2019-11-07-221019_left.jpg", 2
"150_2019-11-07-221019_left.jpg", 2
"15_2019-11-07-221019_left.jpg", 2
"153_2019-11-07-221019_left.jpg", 2
"156_2019-11-07-221019_left.jpg", 2
"159_2019-11-07-221019_left.jpg", 2
"162_2019-11-07-221019_left.jpg", 2
"165_2019-11-07-221019_left.jpg", 2
"168_2019-11-07-221019_left.jpg", 2
"171_2019-11-07-221019_left.jpg", 2
"174_2019-11-07-221019_left.jpg", 2
"177_2019-11-07-221019_left.jpg", 2
"180_2019-11-07-221019_left.jpg", 2
"18_2019-11-07-221019_left.jpg", 2
"183_2019-11-07-221019_left.jpg", 2
"186_2019-11-07-221019_left.jpg", 2
"189_2019-11-07-221019_left.jpg", 2
"192_2019-11-07-221019_left.jpg", 2
"195_2019-11-07-221019_left.jpg", 2
"198_2019-11-07-221019_left.jpg", 2
"201_2019-11-07-221019_left.jpg", 2
"204_2019-11-07-221019_left.jpg", 2
"207_2019-11-07-221019_left.jpg", 2
"210_2019-11-07-221019_left.jpg", 2
"21_2019-11-07-221019_left.jpg", 2
"213_2019-11-07-221019_left.jpg", 2
"216_2019-11-07-221019_left.jpg", 2
"219_2019-11-07-221019_left.jpg", 2
"222_2019-11-07-221019_left.jpg", 2
"225_2019-11-07-221019_left.jpg", 2
"228_2019-11-07-221019_left.jpg", 2
"231_2019-11-07-221019_left.jpg", 2
"24_2019-11-07-221019_left.jpg", 2
"27_2019-11-07-221019_left.jpg", 2
"30_2019-11-07-221019_left.jpg", 2
"3_2019-11-07-221019_left.jpg", 2
"33_2019-11-07-221019_left.jpg", 2
"36_2019-11-07-221019_left.jpg", 2
"39_2019-11-07-221019_left.jpg", 2
"42_2019-11-07-221019_left.jpg", 2
"45_2019-11-07-221019_left.jpg", 2
"48_2019-11-07-221019_left.jpg", 2
"51_2019-11-07-221019_left.jpg", 2
"54_2019-11-07-221019_left.jpg", 2
"57_2019-11-07-221019_left.jpg", 2
"60_2019-11-07-221019_left.jpg", 2
"6_2019-11-07-221019_left.jpg", 2
"63_2019-11-07-221019_left.jpg", 2
"66_2019-11-07-221019_left.jpg", 2
"69_2019-11-07-221019_left.jpg", 2
"72_2019-11-07-221019_left.jpg", 2
"75_2019-11-07-221019_left.jpg", 2
"78_2019-11-07-221019_left.jpg", 2
"81_2019-11-07-221019_left.jpg", 2
"84_2019-11-07-221019_left.jpg", 2
"87_2019-11-07-221019_left.jpg", 2
"90_2019-11-07-221019_left.jpg", 2
"9_2019-11-07-221019_left.jpg", 2
"93_2019-11-07-221019_left.jpg", 2
"96_2019-11-07-221019_left.jpg", 2
"99_2019-11-07-221019_left.jpg", 2
