"2019-11-07-151545_1000.jpg", "2"
"2019-11-07-151545_1001.jpg", "2"
"2019-11-07-151545_1002.jpg", "2"
"2019-11-07-151545_1003.jpg", "2"
"2019-11-07-151545_1004.jpg", "2"
"2019-11-07-151545_1005.jpg", "2"
"2019-11-07-151545_1006.jpg", "2"
"2019-11-07-151545_1007.jpg", "2"
"2019-11-07-151545_1008.jpg", "2"
"2019-11-07-151545_1009.jpg", "2"
"2019-11-07-151545_1010.jpg", "2"
"2019-11-07-151545_1011.jpg", "2"
"2019-11-07-151545_1012.jpg", "2"
"2019-11-07-151545_1013.jpg", "2"
"2019-11-07-151545_1014.jpg", "2"
"2019-11-07-151545_1015.jpg", "2"
"2019-11-07-151545_1016.jpg", "2"
"2019-11-07-151545_1017.jpg", "2"
"2019-11-07-151545_1018.jpg", "2"
"2019-11-07-151545_1019.jpg", "2"
"2019-11-07-151545_1020.jpg", "2"
"2019-11-07-151545_1021.jpg", "2"
"2019-11-07-151545_1022.jpg", "2"
"2019-11-07-151545_1023.jpg", "2"
"2019-11-07-151545_1024.jpg", "2"
"2019-11-07-151545_1025.jpg", "2"
"2019-11-07-151545_1026.jpg", "2"
"2019-11-07-151545_1027.jpg", "2"
"2019-11-07-151545_1028.jpg", "2"
"2019-11-07-151545_1029.jpg", "2"
"2019-11-07-151545_1030.jpg", "2"
"2019-11-07-151545_1031.jpg", "2"
"2019-11-07-151545_1032.jpg", "2"
"2019-11-07-151545_1033.jpg", "2"
"2019-11-07-151545_1034.jpg", "2"
"2019-11-07-151545_1035.jpg", "2"
"2019-11-07-151545_1036.jpg", "2"
"2019-11-07-151545_1037.jpg", "2"
"2019-11-07-151545_1038.jpg", "2"
"2019-11-07-151545_1039.jpg", "2"
"2019-11-07-151545_1040.jpg", "2"
"2019-11-07-151545_1041.jpg", "2"
"2019-11-07-151545_1042.jpg", "2"
"2019-11-07-151545_1043.jpg", "2"
"2019-11-07-151545_1044.jpg", "2"
"2019-11-07-151545_1045.jpg", "2"
"2019-11-07-151545_1046.jpg", "2"
"2019-11-07-151545_1047.jpg", "2"
"2019-11-07-151545_1048.jpg", "2"
"2019-11-07-151545_1049.jpg", "2"
"2019-11-07-151545_1050.jpg", "2"
"2019-11-07-151545_1051.jpg", "2"
"2019-11-07-151545_1052.jpg", "2"
"2019-11-07-151545_1053.jpg", "2"
"2019-11-07-151545_1054.jpg", "2"
"2019-11-07-151545_1055.jpg", "2"
"2019-11-07-151545_1056.jpg", "2"
"2019-11-07-151545_1057.jpg", "2"
"2019-11-07-151545_1058.jpg", "2"
"2019-11-07-151545_1059.jpg", "2"
"2019-11-07-151545_1060.jpg", "2"
"2019-11-07-151545_1061.jpg", "2"
"2019-11-07-151545_1062.jpg", "2"
"2019-11-07-151545_1063.jpg", "2"
"2019-11-07-151545_1064.jpg", "2"
"2019-11-07-151545_1065.jpg", "2"
"2019-11-07-151545_1066.jpg", "2"
"2019-11-07-151545_1067.jpg", "2"
"2019-11-07-151545_1068.jpg", "2"
"2019-11-07-151545_1069.jpg", "2"
"2019-11-07-151545_1070.jpg", "2"
"2019-11-07-151545_1071.jpg", "2"
"2019-11-07-151545_1072.jpg", "2"
"2019-11-07-151545_1073.jpg", "2"
"2019-11-07-151545_1074.jpg", "2"
"2019-11-07-151545_1075.jpg", "2"
"2019-11-07-151545_1076.jpg", "2"
"2019-11-07-151545_1077.jpg", "2"
"2019-11-07-151545_1078.jpg", "2"
"2019-11-07-151545_1079.jpg", "2"
"2019-11-07-151545_1080.jpg", "2"
"2019-11-07-151545_1081.jpg", "2"
"2019-11-07-151545_1082.jpg", "2"
"2019-11-07-151545_1083.jpg", "2"
"2019-11-07-151545_1084.jpg", "2"
"2019-11-07-151545_1085.jpg", "2"
"2019-11-07-151545_1086.jpg", "2"
"2019-11-07-151545_1087.jpg", "2"
"2019-11-07-151545_1088.jpg", "2"
"2019-11-07-151545_1089.jpg", "2"
"2019-11-07-151545_1090.jpg", "2"
"2019-11-07-151545_1091.jpg", "2"
"2019-11-07-151545_1092.jpg", "2"
"2019-11-07-151545_1093.jpg", "2"
"2019-11-07-151545_1094.jpg", "2"
"2019-11-07-151545_1095.jpg", "2"
"2019-11-07-151545_1096.jpg", "2"
"2019-11-07-151545_1097.jpg", "2"
"2019-11-07-151545_1098.jpg", "2"
"2019-11-07-151545_1099.jpg", "2"
"2019-11-07-151545_1100.jpg", "2"
"2019-11-07-151545_1101.jpg", "2"
"2019-11-07-151545_1102.jpg", "2"
"2019-11-07-151545_1103.jpg", "2"
"2019-11-07-151545_1104.jpg", "2"
"2019-11-07-151545_1105.jpg", "2"
"2019-11-07-151545_1106.jpg", "2"
"2019-11-07-151545_1107.jpg", "2"
"2019-11-07-151545_1108.jpg", "2"
"2019-11-07-151545_1109.jpg", "2"
"2019-11-07-151545_1110.jpg", "2"
"2019-11-07-151545_1111.jpg", "2"
"2019-11-07-151545_1112.jpg", "2"
"2019-11-07-151545_1113.jpg", "2"
"2019-11-07-151545_1114.jpg", "2"
"2019-11-07-151545_1115.jpg", "2"
"2019-11-07-151545_1116.jpg", "2"
"2019-11-07-151545_1117.jpg", "2"
"2019-11-07-151545_1118.jpg", "2"
"2019-11-07-151545_1119.jpg", "2"
"2019-11-07-151545_1120.jpg", "2"
"2019-11-07-151545_1121.jpg", "2"
"2019-11-07-151545_1122.jpg", "2"
"2019-11-07-151545_1123.jpg", "2"
"2019-11-07-151545_1124.jpg", "2"
"2019-11-07-151545_1125.jpg", "2"
"2019-11-07-151545_1126.jpg", "2"
"2019-11-07-151545_1127.jpg", "2"
"2019-11-07-151545_1128.jpg", "2"
"2019-11-07-151545_1129.jpg", "2"
"2019-11-07-151545_1130.jpg", "2"
"2019-11-07-151545_1131.jpg", "2"
"2019-11-07-151545_1132.jpg", "2"
"2019-11-07-151545_1133.jpg", "2"
"2019-11-07-151545_1134.jpg", "2"
"2019-11-07-151545_1135.jpg", "2"
"2019-11-07-151545_1136.jpg", "2"
"2019-11-07-151545_1137.jpg", "2"
"2019-11-07-151545_1138.jpg", "2"
"2019-11-07-151545_1139.jpg", "2"
"2019-11-07-151545_1140.jpg", "2"
"2019-11-07-151545_1141.jpg", "2"
"2019-11-07-151545_1142.jpg", "2"
"2019-11-07-151545_1143.jpg", "2"
"2019-11-07-151545_1144.jpg", "2"
"2019-11-07-151545_1145.jpg", "2"
"2019-11-07-151545_1146.jpg", "2"
"2019-11-07-151545_1147.jpg", "2"
"2019-11-07-151545_1148.jpg", "2"
"2019-11-07-151545_1149.jpg", "2"
"2019-11-07-151545_1150.jpg", "2"
"2019-11-07-151545_1151.jpg", "2"
"2019-11-07-151545_1152.jpg", "2"
"2019-11-07-151545_1153.jpg", "2"
"2019-11-07-151545_1154.jpg", "2"
"2019-11-07-151545_1155.jpg", "2"
"2019-11-07-151545_1156.jpg", "2"
"2019-11-07-151545_1157.jpg", "2"
"2019-11-07-151545_1158.jpg", "2"
"2019-11-07-151545_1159.jpg", "2"
"2019-11-07-151545_1160.jpg", "2"
"2019-11-07-151545_1161.jpg", "2"
"2019-11-07-151545_1162.jpg", "2"
"2019-11-07-151545_1163.jpg", "2"
"2019-11-07-151545_1164.jpg", "2"
"2019-11-07-151545_1165.jpg", "2"
"2019-11-07-151545_1166.jpg", "2"
"2019-11-07-151545_1167.jpg", "2"
"2019-11-07-151545_1168.jpg", "2"
"2019-11-07-151545_1169.jpg", "2"
"2019-11-07-151545_1170.jpg", "2"
"2019-11-07-151545_1171.jpg", "2"
"2019-11-07-151545_1172.jpg", "2"
"2019-11-07-151545_1173.jpg", "2"
"2019-11-07-151545_1174.jpg", "2"
"2019-11-07-151545_1175.jpg", "2"
"2019-11-07-151545_1176.jpg", "2"
"2019-11-07-151545_1177.jpg", "2"
"2019-11-07-151545_1178.jpg", "2"
"2019-11-07-151545_1179.jpg", "2"
"2019-11-07-151545_1180.jpg", "2"
"2019-11-07-151545_1181.jpg", "2"
"2019-11-07-151545_1182.jpg", "2"
"2019-11-07-151545_1183.jpg", "2"
"2019-11-07-151545_1184.jpg", "2"
"2019-11-07-151545_1185.jpg", "2"
"2019-11-07-151545_1186.jpg", "2"
"2019-11-07-151545_1187.jpg", "2"
"2019-11-07-151545_1188.jpg", "2"
"2019-11-07-151545_1189.jpg", "2"
"2019-11-07-151545_1190.jpg", "2"
"2019-11-07-151545_1191.jpg", "2"
"2019-11-07-151545_1192.jpg", "2"
"2019-11-07-151545_1193.jpg", "2"
"2019-11-07-151545_1194.jpg", "2"
"2019-11-07-151545_1195.jpg", "2"
"2019-11-07-151545_1196.jpg", "2"
"2019-11-07-151545_1197.jpg", "2"
"2019-11-07-151545_1198.jpg", "2"
"2019-11-07-151545_1199.jpg", "2"
"2019-11-07-151545_1200.jpg", "2"
"2019-11-07-151545_1201.jpg", "2"
"2019-11-07-151545_1202.jpg", "2"
"2019-11-07-151545_1203.jpg", "2"
"2019-11-07-151545_1204.jpg", "2"
"2019-11-07-151545_1205.jpg", "2"
"2019-11-07-151545_1206.jpg", "2"
"2019-11-07-151545_1207.jpg", "2"
"2019-11-07-151545_1208.jpg", "2"
"2019-11-07-151545_1209.jpg", "2"
"2019-11-07-151545_1210.jpg", "2"
"2019-11-07-151545_1211.jpg", "2"
"2019-11-07-151545_1212.jpg", "2"
"2019-11-07-151545_1213.jpg", "2"
"2019-11-07-151545_1214.jpg", "2"
"2019-11-07-151545_1215.jpg", "2"
"2019-11-07-151545_1216.jpg", "2"
"2019-11-07-151545_1217.jpg", "2"
"2019-11-07-151545_1218.jpg", "2"
"2019-11-07-151545_1219.jpg", "2"
"2019-11-07-151545_1220.jpg", "2"
"2019-11-07-151545_1221.jpg", "2"
"2019-11-07-151545_1222.jpg", "2"
"2019-11-07-151545_1223.jpg", "2"
"2019-11-07-151545_1224.jpg", "2"
"2019-11-07-151545_1225.jpg", "2"
"2019-11-07-151545_1226.jpg", "2"
"2019-11-07-151545_1227.jpg", "2"
"2019-11-07-151545_1228.jpg", "2"
"2019-11-07-151545_1229.jpg", "2"
"2019-11-07-151545_1230.jpg", "2"
"2019-11-07-151545_1231.jpg", "2"
"2019-11-07-151545_1232.jpg", "2"
"2019-11-07-151545_1233.jpg", "2"
"2019-11-07-151545_1234.jpg", "2"
"2019-11-07-151545_1235.jpg", "2"
"2019-11-07-151545_1236.jpg", "2"
"2019-11-07-151545_1237.jpg", "2"
"2019-11-07-151545_1238.jpg", "2"
"2019-11-07-151545_1239.jpg", "2"
"2019-11-07-151545_1240.jpg", "2"
"2019-11-07-151545_1241.jpg", "2"
"2019-11-07-151545_1242.jpg", "2"
"2019-11-07-151545_1243.jpg", "2"
"2019-11-07-151545_1244.jpg", "2"
"2019-11-07-151545_1245.jpg", "2"
"2019-11-07-151545_1246.jpg", "2"
"2019-11-07-151545_1247.jpg", "2"
"2019-11-07-151545_1248.jpg", "2"
"2019-11-07-151545_1249.jpg", "2"
"2019-11-07-151545_1250.jpg", "2"
"2019-11-07-151545_1251.jpg", "2"
"2019-11-07-151545_1252.jpg", "2"
"2019-11-07-151545_1253.jpg", "2"
"2019-11-07-151545_1254.jpg", "2"
"2019-11-07-151545_1255.jpg", "2"
"2019-11-07-151545_1256.jpg", "2"
"2019-11-07-151545_1257.jpg", "2"
"2019-11-07-151545_1258.jpg", "2"
"2019-11-07-151545_1259.jpg", "2"
"2019-11-07-151545_1260.jpg", "2"
"2019-11-07-151545_1261.jpg", "2"
"2019-11-07-151545_1262.jpg", "2"
"2019-11-07-151545_1263.jpg", "2"
"2019-11-07-151545_1264.jpg", "2"
"2019-11-07-151545_1265.jpg", "2"
"2019-11-07-151545_1266.jpg", "2"
"2019-11-07-151545_1267.jpg", "2"
"2019-11-07-151545_1268.jpg", "2"
"2019-11-07-151545_1269.jpg", "2"
"2019-11-07-151545_1270.jpg", "2"
"2019-11-07-151545_1271.jpg", "2"
"2019-11-07-151545_1272.jpg", "2"
"2019-11-07-151545_1273.jpg", "2"
"2019-11-07-151545_1274.jpg", "2"
"2019-11-07-151545_1275.jpg", "2"
"2019-11-07-151545_1276.jpg", "2"
"2019-11-07-151545_1277.jpg", "2"
"2019-11-07-151545_1278.jpg", "2"
"2019-11-07-151545_1279.jpg", "2"
"2019-11-07-151545_1280.jpg", "2"
"2019-11-07-151545_1281.jpg", "2"
"2019-11-07-151545_1282.jpg", "2"
"2019-11-07-151545_1283.jpg", "2"
"2019-11-07-151545_1284.jpg", "2"
"2019-11-07-151545_1285.jpg", "2"
"2019-11-07-151545_1286.jpg", "2"
"2019-11-07-151545_1287.jpg", "2"
"2019-11-07-151545_1288.jpg", "2"
"2019-11-07-151545_1289.jpg", "2"
"2019-11-07-151545_1290.jpg", "2"
"2019-11-07-151545_1291.jpg", "2"
"2019-11-07-151545_1292.jpg", "2"
"2019-11-07-151545_1293.jpg", "2"
"2019-11-07-151545_1294.jpg", "2"
"2019-11-07-151545_1295.jpg", "2"
"2019-11-07-151545_1296.jpg", "2"
"2019-11-07-151545_1297.jpg", "2"
"2019-11-07-151545_1298.jpg", "2"
"2019-11-07-151545_1299.jpg", "2"
"2019-11-07-151545_1300.jpg", "2"
"2019-11-07-151545_1301.jpg", "2"
"2019-11-07-151545_1302.jpg", "2"
"2019-11-07-151545_1303.jpg", "2"
"2019-11-07-151545_1304.jpg", "2"
"2019-11-07-151545_1305.jpg", "2"
"2019-11-07-151545_1306.jpg", "2"
"2019-11-07-151545_1307.jpg", "2"
"2019-11-07-151545_1308.jpg", "2"
"2019-11-07-151545_1309.jpg", "2"
"2019-11-07-151545_1310.jpg", "2"
"2019-11-07-151545_1311.jpg", "2"
"2019-11-07-151545_1312.jpg", "2"
"2019-11-07-151545_1313.jpg", "2"
"2019-11-07-151545_1314.jpg", "2"
"2019-11-07-151545_1315.jpg", "2"
"2019-11-07-151545_1316.jpg", "2"
"2019-11-07-151545_1317.jpg", "2"
"2019-11-07-151545_1318.jpg", "2"
"2019-11-07-151545_1319.jpg", "2"
"2019-11-07-151545_1320.jpg", "2"
"2019-11-07-151545_1321.jpg", "2"
"2019-11-07-151545_1322.jpg", "2"
"2019-11-07-151545_1323.jpg", "2"
"2019-11-07-151545_1324.jpg", "2"
"2019-11-07-151545_1325.jpg", "2"
"2019-11-07-151545_1326.jpg", "2"
"2019-11-07-151545_1327.jpg", "2"
"2019-11-07-151545_1328.jpg", "2"
"2019-11-07-151545_1329.jpg", "2"
"2019-11-07-151545_1330.jpg", "2"
"2019-11-07-151545_1331.jpg", "2"
"2019-11-07-151545_1332.jpg", "2"
"2019-11-07-151545_1333.jpg", "2"
"2019-11-07-151545_1334.jpg", "2"
"2019-11-07-151545_1335.jpg", "2"
"2019-11-07-151545_1336.jpg", "2"
"2019-11-07-151545_1337.jpg", "2"
"2019-11-07-151545_1338.jpg", "2"
"2019-11-07-151545_1339.jpg", "2"
"2019-11-07-151545_1340.jpg", "2"
"2019-11-07-151545_1341.jpg", "2"
"2019-11-07-151545_1342.jpg", "2"
"2019-11-07-151545_1343.jpg", "2"
"2019-11-07-151545_1344.jpg", "2"
"2019-11-07-151545_1345.jpg", "2"
"2019-11-07-151545_1346.jpg", "2"
"2019-11-07-151545_1347.jpg", "2"
"2019-11-07-151545_1348.jpg", "2"
"2019-11-07-151545_1349.jpg", "2"
"2019-11-07-151545_1350.jpg", "2"
"2019-11-07-151545_1351.jpg", "2"
"2019-11-07-151545_1352.jpg", "2"
"2019-11-07-151545_1353.jpg", "2"
"2019-11-07-151545_1354.jpg", "2"
"2019-11-07-151545_1355.jpg", "2"
"2019-11-07-151545_1356.jpg", "2"
"2019-11-07-151545_1357.jpg", "2"
"2019-11-07-151545_1358.jpg", "2"
"2019-11-07-151545_1359.jpg", "2"
"2019-11-07-151545_1360.jpg", "2"
"2019-11-07-151545_1361.jpg", "2"
"2019-11-07-151545_1362.jpg", "2"
"2019-11-07-151545_1363.jpg", "2"
"2019-11-07-151545_1364.jpg", "2"
"2019-11-07-151545_1365.jpg", "2"
"2019-11-07-151545_1366.jpg", "2"
"2019-11-07-151545_1367.jpg", "2"
"2019-11-07-151545_1368.jpg", "2"
"2019-11-07-151545_1369.jpg", "2"
"2019-11-07-151545_1370.jpg", "2"
"2019-11-07-151545_1371.jpg", "2"
"2019-11-07-151545_1372.jpg", "2"
"2019-11-07-151545_1373.jpg", "2"
"2019-11-07-151545_1374.jpg", "2"
"2019-11-07-151545_1375.jpg", "2"
"2019-11-07-151545_1376.jpg", "2"
"2019-11-07-151545_1377.jpg", "2"
"2019-11-07-151545_1378.jpg", "2"
"2019-11-07-151545_1379.jpg", "2"
"2019-11-07-151545_1380.jpg", "2"
"2019-11-07-151545_1381.jpg", "2"
"2019-11-07-151545_1382.jpg", "2"
"2019-11-07-151545_1383.jpg", "2"
"2019-11-07-151545_1384.jpg", "2"
"2019-11-07-151545_1385.jpg", "2"
"2019-11-07-151545_1386.jpg", "2"
"2019-11-07-151545_1387.jpg", "2"
"2019-11-07-151545_1388.jpg", "2"
"2019-11-07-151545_1389.jpg", "2"
"2019-11-07-151545_1390.jpg", "2"
"2019-11-07-151545_1391.jpg", "2"
"2019-11-07-151545_1392.jpg", "2"
"2019-11-07-151545_1393.jpg", "2"
"2019-11-07-151545_1394.jpg", "2"
"2019-11-07-151545_1395.jpg", "2"
"2019-11-07-151545_1396.jpg", "2"
"2019-11-07-151545_1397.jpg", "2"
"2019-11-07-151545_1398.jpg", "2"
"2019-11-07-151545_1399.jpg", "2"
"2019-11-07-151545_1400.jpg", "2"
"2019-11-07-151545_1401.jpg", "2"
"2019-11-07-151545_1402.jpg", "2"
"2019-11-07-151545_1403.jpg", "2"
"2019-11-07-151545_1404.jpg", "2"
"2019-11-07-151545_1405.jpg", "2"
"2019-11-07-151545_1406.jpg", "2"
"2019-11-07-151545_1407.jpg", "2"
"2019-11-07-151545_1408.jpg", "2"
"2019-11-07-151545_1409.jpg", "2"
"2019-11-07-151545_1410.jpg", "2"
"2019-11-07-151545_1411.jpg", "2"
"2019-11-07-151545_1412.jpg", "2"
"2019-11-07-151545_1413.jpg", "2"
"2019-11-07-151545_1414.jpg", "2"
"2019-11-07-151545_1415.jpg", "2"
"2019-11-07-151545_1416.jpg", "2"
"2019-11-07-151545_1417.jpg", "2"
"2019-11-07-151545_1418.jpg", "2"
"2019-11-07-151545_1419.jpg", "2"
"2019-11-07-151545_1420.jpg", "2"
"2019-11-07-151545_1421.jpg", "2"
"2019-11-07-151545_1422.jpg", "2"
"2019-11-07-151545_1423.jpg", "2"
"2019-11-07-151545_1424.jpg", "2"
"2019-11-07-151545_1425.jpg", "2"
"2019-11-07-151545_1426.jpg", "2"
"2019-11-07-151545_1427.jpg", "2"
"2019-11-07-151545_1428.jpg", "2"
"2019-11-07-151545_1429.jpg", "2"
"2019-11-07-151545_1430.jpg", "2"
"2019-11-07-151545_1431.jpg", "2"
"2019-11-07-151545_1432.jpg", "2"
"2019-11-07-151545_1433.jpg", "2"
"2019-11-07-151545_1434.jpg", "2"
"2019-11-07-151545_1435.jpg", "2"
"2019-11-07-151545_1436.jpg", "2"
"2019-11-07-151545_1437.jpg", "2"
"2019-11-07-151545_1438.jpg", "2"
"2019-11-07-151545_1439.jpg", "2"
"2019-11-07-151545_1440.jpg", "2"
"2019-11-07-151545_1441.jpg", "2"
"2019-11-07-151545_1442.jpg", "2"
"2019-11-07-151545_1443.jpg", "2"
"2019-11-07-151545_1444.jpg", "2"
"2019-11-07-151545_1445.jpg", "2"
"2019-11-07-151545_1446.jpg", "2"
"2019-11-07-151545_1447.jpg", "2"
"2019-11-07-151545_1448.jpg", "2"
"2019-11-07-151545_1449.jpg", "2"
"2019-11-07-151545_1450.jpg", "2"
"2019-11-07-151545_1451.jpg", "2"
"2019-11-07-151545_1452.jpg", "2"
"2019-11-07-151545_1453.jpg", "2"
"2019-11-07-151545_1454.jpg", "2"
"2019-11-07-151545_1455.jpg", "2"
"2019-11-07-151545_1456.jpg", "2"
"2019-11-07-151545_1457.jpg", "2"
"2019-11-07-151545_1458.jpg", "2"
"2019-11-07-151545_1459.jpg", "2"
"2019-11-07-151545_1460.jpg", "2"
"2019-11-07-151545_1461.jpg", "2"
"2019-11-07-151545_1462.jpg", "2"
"2019-11-07-151545_1463.jpg", "2"
"2019-11-07-151545_1464.jpg", "2"
"2019-11-07-151545_1465.jpg", "2"
"2019-11-07-151545_1466.jpg", "2"
"2019-11-07-151545_1467.jpg", "2"
"2019-11-07-151545_1468.jpg", "2"
"2019-11-07-151545_1469.jpg", "2"
"2019-11-07-151545_1470.jpg", "2"
"2019-11-07-151545_1471.jpg", "2"
"2019-11-07-151545_1472.jpg", "2"
"2019-11-07-151545_1473.jpg", "2"
"2019-11-07-151545_1474.jpg", "2"
"2019-11-07-151545_1475.jpg", "2"
"2019-11-07-151545_1476.jpg", "2"
"2019-11-07-151545_1477.jpg", "2"
"2019-11-07-151545_1478.jpg", "2"
"2019-11-07-151545_1479.jpg", "2"
"2019-11-07-151545_1480.jpg", "2"
"2019-11-07-151545_1481.jpg", "2"
"2019-11-07-151545_1482.jpg", "2"
"2019-11-07-151545_1483.jpg", "2"
"2019-11-07-151545_1484.jpg", "2"
"2019-11-07-151545_1485.jpg", "2"
"2019-11-07-151545_1486.jpg", "2"
"2019-11-07-151545_1487.jpg", "2"
"2019-11-07-151545_1488.jpg", "2"
"2019-11-07-151545_1489.jpg", "2"
"2019-11-07-151545_1490.jpg", "2"
"2019-11-07-151545_1491.jpg", "2"
"2019-11-07-151545_1492.jpg", "2"
"2019-11-07-151545_1493.jpg", "2"
"2019-11-07-151545_1494.jpg", "2"
"2019-11-07-151545_1495.jpg", "2"
"2019-11-07-151545_1496.jpg", "2"
"2019-11-07-151545_1497.jpg", "2"
"2019-11-07-151545_1498.jpg", "2"
"2019-11-07-151545_1499.jpg", "2"
"2019-11-07-151545_1500.jpg", "2"
"2019-11-07-151545_1501.jpg", "2"
"2019-11-07-151545_1502.jpg", "2"
"2019-11-07-151545_1503.jpg", "2"
"2019-11-07-151545_1504.jpg", "2"
"2019-11-07-151545_1505.jpg", "2"
"2019-11-07-151545_1506.jpg", "2"
"2019-11-07-151545_1507.jpg", "2"
"2019-11-07-151545_1508.jpg", "2"
"2019-11-07-151545_1509.jpg", "2"
"2019-11-07-151545_1510.jpg", "2"
"2019-11-07-151545_1511.jpg", "2"
"2019-11-07-151545_1512.jpg", "2"
"2019-11-07-151545_1513.jpg", "2"
"2019-11-07-151545_1514.jpg", "2"
"2019-11-07-151545_1515.jpg", "2"
"2019-11-07-151545_1516.jpg", "2"
"2019-11-07-151545_1517.jpg", "2"
"2019-11-07-151545_1518.jpg", "2"
"2019-11-07-151545_1519.jpg", "2"
"2019-11-07-151545_1520.jpg", "2"
"2019-11-07-151545_1521.jpg", "2"
"2019-11-07-151545_1522.jpg", "2"
"2019-11-07-151545_1523.jpg", "2"
"2019-11-07-151545_1524.jpg", "2"
"2019-11-07-151545_1525.jpg", "2"
"2019-11-07-151545_1526.jpg", "2"
"2019-11-07-151545_1527.jpg", "2"
"2019-11-07-151545_1528.jpg", "2"
"2019-11-07-151545_1529.jpg", "2"
"2019-11-07-151545_1530.jpg", "2"
"2019-11-07-151545_1531.jpg", "2"
"2019-11-07-151545_1532.jpg", "2"
"2019-11-07-151545_1533.jpg", "2"
"2019-11-07-151545_1534.jpg", "2"
"2019-11-07-151545_1535.jpg", "2"
"2019-11-07-151545_1536.jpg", "2"
"2019-11-07-151545_1537.jpg", "2"
"2019-11-07-151545_1538.jpg", "2"
"2019-11-07-151545_1539.jpg", "2"
"2019-11-07-151545_1540.jpg", "2"
"2019-11-07-151545_1541.jpg", "2"
"2019-11-07-151545_1542.jpg", "2"
"2019-11-07-151545_1543.jpg", "2"
"2019-11-07-151545_1544.jpg", "2"
"2019-11-07-151545_1545.jpg", "2"
"2019-11-07-151545_1546.jpg", "2"
"2019-11-07-151545_1547.jpg", "2"
"2019-11-07-151545_1548.jpg", "2"
"2019-11-07-151545_1549.jpg", "2"
"2019-11-07-151545_154.jpg", "2"
"2019-11-07-151545_1550.jpg", "2"
"2019-11-07-151545_1551.jpg", "2"
"2019-11-07-151545_1552.jpg", "2"
"2019-11-07-151545_1553.jpg", "2"
"2019-11-07-151545_1554.jpg", "2"
"2019-11-07-151545_1555.jpg", "2"
"2019-11-07-151545_1556.jpg", "2"
"2019-11-07-151545_1557.jpg", "2"
"2019-11-07-151545_1558.jpg", "2"
"2019-11-07-151545_1559.jpg", "2"
"2019-11-07-151545_155.jpg", "2"
"2019-11-07-151545_1560.jpg", "2"
"2019-11-07-151545_1561.jpg", "2"
"2019-11-07-151545_1562.jpg", "2"
"2019-11-07-151545_1563.jpg", "2"
"2019-11-07-151545_1564.jpg", "2"
"2019-11-07-151545_1565.jpg", "2"
"2019-11-07-151545_1566.jpg", "2"
"2019-11-07-151545_1567.jpg", "2"
"2019-11-07-151545_1568.jpg", "2"
"2019-11-07-151545_1569.jpg", "2"
"2019-11-07-151545_156.jpg", "2"
"2019-11-07-151545_1570.jpg", "2"
"2019-11-07-151545_1571.jpg", "2"
"2019-11-07-151545_1572.jpg", "2"
"2019-11-07-151545_1573.jpg", "2"
"2019-11-07-151545_1574.jpg", "2"
"2019-11-07-151545_1575.jpg", "2"
"2019-11-07-151545_1576.jpg", "2"
"2019-11-07-151545_1577.jpg", "2"
"2019-11-07-151545_1578.jpg", "2"
"2019-11-07-151545_1579.jpg", "2"
"2019-11-07-151545_157.jpg", "2"
"2019-11-07-151545_1580.jpg", "2"
"2019-11-07-151545_1581.jpg", "2"
"2019-11-07-151545_1582.jpg", "2"
"2019-11-07-151545_1583.jpg", "2"
"2019-11-07-151545_1584.jpg", "2"
"2019-11-07-151545_1585.jpg", "2"
"2019-11-07-151545_1586.jpg", "2"
"2019-11-07-151545_1587.jpg", "2"
"2019-11-07-151545_1588.jpg", "2"
"2019-11-07-151545_1589.jpg", "2"
"2019-11-07-151545_158.jpg", "2"
"2019-11-07-151545_1590.jpg", "2"
"2019-11-07-151545_1591.jpg", "2"
"2019-11-07-151545_1592.jpg", "2"
"2019-11-07-151545_1593.jpg", "2"
"2019-11-07-151545_1594.jpg", "2"
"2019-11-07-151545_1595.jpg", "2"
"2019-11-07-151545_1596.jpg", "2"
"2019-11-07-151545_1597.jpg", "2"
"2019-11-07-151545_1598.jpg", "2"
"2019-11-07-151545_1599.jpg", "2"
"2019-11-07-151545_159.jpg", "2"
"2019-11-07-151545_1600.jpg", "2"
"2019-11-07-151545_1601.jpg", "2"
"2019-11-07-151545_1602.jpg", "2"
"2019-11-07-151545_1603.jpg", "2"
"2019-11-07-151545_1604.jpg", "2"
"2019-11-07-151545_1605.jpg", "2"
"2019-11-07-151545_1606.jpg", "2"
"2019-11-07-151545_1607.jpg", "2"
"2019-11-07-151545_1608.jpg", "2"
"2019-11-07-151545_1609.jpg", "2"
"2019-11-07-151545_160.jpg", "2"
"2019-11-07-151545_1610.jpg", "2"
"2019-11-07-151545_1611.jpg", "2"
"2019-11-07-151545_1612.jpg", "2"
"2019-11-07-151545_1613.jpg", "2"
"2019-11-07-151545_1614.jpg", "2"
"2019-11-07-151545_1615.jpg", "2"
"2019-11-07-151545_1616.jpg", "2"
"2019-11-07-151545_1617.jpg", "2"
"2019-11-07-151545_1618.jpg", "2"
"2019-11-07-151545_1619.jpg", "2"
"2019-11-07-151545_161.jpg", "2"
"2019-11-07-151545_1620.jpg", "2"
"2019-11-07-151545_1621.jpg", "2"
"2019-11-07-151545_1622.jpg", "2"
"2019-11-07-151545_1623.jpg", "2"
"2019-11-07-151545_1624.jpg", "2"
"2019-11-07-151545_1625.jpg", "2"
"2019-11-07-151545_1626.jpg", "2"
"2019-11-07-151545_1627.jpg", "2"
"2019-11-07-151545_1628.jpg", "2"
"2019-11-07-151545_1629.jpg", "2"
"2019-11-07-151545_162.jpg", "2"
"2019-11-07-151545_1630.jpg", "2"
"2019-11-07-151545_1631.jpg", "2"
"2019-11-07-151545_1632.jpg", "2"
"2019-11-07-151545_1633.jpg", "2"
"2019-11-07-151545_1634.jpg", "2"
"2019-11-07-151545_1635.jpg", "2"
"2019-11-07-151545_1636.jpg", "2"
"2019-11-07-151545_1637.jpg", "2"
"2019-11-07-151545_1638.jpg", "2"
"2019-11-07-151545_1639.jpg", "2"
"2019-11-07-151545_163.jpg", "2"
"2019-11-07-151545_1640.jpg", "2"
"2019-11-07-151545_1641.jpg", "2"
"2019-11-07-151545_1642.jpg", "2"
"2019-11-07-151545_1643.jpg", "2"
"2019-11-07-151545_1644.jpg", "2"
"2019-11-07-151545_1645.jpg", "2"
"2019-11-07-151545_1646.jpg", "2"
"2019-11-07-151545_1647.jpg", "2"
"2019-11-07-151545_1648.jpg", "2"
"2019-11-07-151545_1649.jpg", "2"
"2019-11-07-151545_164.jpg", "2"
"2019-11-07-151545_1650.jpg", "2"
"2019-11-07-151545_1651.jpg", "2"
"2019-11-07-151545_1652.jpg", "2"
"2019-11-07-151545_1653.jpg", "2"
"2019-11-07-151545_165.jpg", "2"
"2019-11-07-151545_166.jpg", "2"
"2019-11-07-151545_167.jpg", "2"
"2019-11-07-151545_168.jpg", "2"
"2019-11-07-151545_169.jpg", "2"
"2019-11-07-151545_170.jpg", "2"
"2019-11-07-151545_171.jpg", "2"
"2019-11-07-151545_172.jpg", "2"
"2019-11-07-151545_173.jpg", "2"
"2019-11-07-151545_174.jpg", "2"
"2019-11-07-151545_175.jpg", "2"
"2019-11-07-151545_176.jpg", "2"
"2019-11-07-151545_177.jpg", "2"
"2019-11-07-151545_178.jpg", "2"
"2019-11-07-151545_179.jpg", "2"
"2019-11-07-151545_180.jpg", "2"
"2019-11-07-151545_181.jpg", "2"
"2019-11-07-151545_182.jpg", "2"
"2019-11-07-151545_183.jpg", "2"
"2019-11-07-151545_184.jpg", "2"
"2019-11-07-151545_185.jpg", "2"
"2019-11-07-151545_186.jpg", "2"
"2019-11-07-151545_187.jpg", "2"
"2019-11-07-151545_188.jpg", "2"
"2019-11-07-151545_189.jpg", "2"
"2019-11-07-151545_190.jpg", "2"
"2019-11-07-151545_191.jpg", "2"
"2019-11-07-151545_192.jpg", "2"
"2019-11-07-151545_193.jpg", "2"
"2019-11-07-151545_194.jpg", "2"
"2019-11-07-151545_195.jpg", "2"
"2019-11-07-151545_196.jpg", "2"
"2019-11-07-151545_197.jpg", "2"
"2019-11-07-151545_198.jpg", "2"
"2019-11-07-151545_199.jpg", "2"
"2019-11-07-151545_200.jpg", "2"
"2019-11-07-151545_201.jpg", "2"
"2019-11-07-151545_202.jpg", "2"
"2019-11-07-151545_203.jpg", "2"
"2019-11-07-151545_204.jpg", "2"
"2019-11-07-151545_205.jpg", "2"
"2019-11-07-151545_206.jpg", "2"
"2019-11-07-151545_207.jpg", "2"
"2019-11-07-151545_208.jpg", "2"
"2019-11-07-151545_209.jpg", "2"
"2019-11-07-151545_210.jpg", "2"
"2019-11-07-151545_211.jpg", "2"
"2019-11-07-151545_212.jpg", "2"
"2019-11-07-151545_213.jpg", "2"
"2019-11-07-151545_214.jpg", "2"
"2019-11-07-151545_215.jpg", "2"
"2019-11-07-151545_216.jpg", "2"
"2019-11-07-151545_217.jpg", "2"
"2019-11-07-151545_218.jpg", "2"
"2019-11-07-151545_219.jpg", "2"
"2019-11-07-151545_220.jpg", "2"
"2019-11-07-151545_221.jpg", "2"
"2019-11-07-151545_222.jpg", "2"
"2019-11-07-151545_223.jpg", "2"
"2019-11-07-151545_224.jpg", "2"
"2019-11-07-151545_225.jpg", "2"
"2019-11-07-151545_226.jpg", "2"
"2019-11-07-151545_227.jpg", "2"
"2019-11-07-151545_228.jpg", "2"
"2019-11-07-151545_229.jpg", "2"
"2019-11-07-151545_230.jpg", "2"
"2019-11-07-151545_231.jpg", "2"
"2019-11-07-151545_232.jpg", "2"
"2019-11-07-151545_233.jpg", "2"
"2019-11-07-151545_234.jpg", "2"
"2019-11-07-151545_235.jpg", "2"
"2019-11-07-151545_236.jpg", "2"
"2019-11-07-151545_237.jpg", "2"
"2019-11-07-151545_238.jpg", "2"
"2019-11-07-151545_239.jpg", "2"
"2019-11-07-151545_240.jpg", "2"
"2019-11-07-151545_241.jpg", "2"
"2019-11-07-151545_242.jpg", "2"
"2019-11-07-151545_243.jpg", "2"
"2019-11-07-151545_244.jpg", "2"
"2019-11-07-151545_245.jpg", "2"
"2019-11-07-151545_246.jpg", "2"
"2019-11-07-151545_247.jpg", "2"
"2019-11-07-151545_248.jpg", "2"
"2019-11-07-151545_249.jpg", "2"
"2019-11-07-151545_250.jpg", "2"
"2019-11-07-151545_251.jpg", "2"
"2019-11-07-151545_252.jpg", "2"
"2019-11-07-151545_253.jpg", "2"
"2019-11-07-151545_254.jpg", "2"
"2019-11-07-151545_255.jpg", "2"
"2019-11-07-151545_256.jpg", "2"
"2019-11-07-151545_257.jpg", "2"
"2019-11-07-151545_258.jpg", "2"
"2019-11-07-151545_259.jpg", "2"
"2019-11-07-151545_260.jpg", "2"
"2019-11-07-151545_261.jpg", "2"
"2019-11-07-151545_262.jpg", "2"
"2019-11-07-151545_263.jpg", "2"
"2019-11-07-151545_264.jpg", "2"
"2019-11-07-151545_265.jpg", "2"
"2019-11-07-151545_266.jpg", "2"
"2019-11-07-151545_267.jpg", "2"
"2019-11-07-151545_268.jpg", "2"
"2019-11-07-151545_269.jpg", "2"
"2019-11-07-151545_270.jpg", "2"
"2019-11-07-151545_271.jpg", "2"
"2019-11-07-151545_272.jpg", "2"
"2019-11-07-151545_273.jpg", "2"
"2019-11-07-151545_274.jpg", "2"
"2019-11-07-151545_275.jpg", "2"
"2019-11-07-151545_276.jpg", "2"
"2019-11-07-151545_277.jpg", "2"
"2019-11-07-151545_278.jpg", "2"
"2019-11-07-151545_279.jpg", "2"
"2019-11-07-151545_280.jpg", "2"
"2019-11-07-151545_281.jpg", "2"
"2019-11-07-151545_282.jpg", "2"
"2019-11-07-151545_283.jpg", "2"
"2019-11-07-151545_284.jpg", "2"
"2019-11-07-151545_325.jpg", "2"
"2019-11-07-151545_326.jpg", "2"
"2019-11-07-151545_327.jpg", "2"
"2019-11-07-151545_328.jpg", "2"
"2019-11-07-151545_329.jpg", "2"
"2019-11-07-151545_330.jpg", "2"
"2019-11-07-151545_331.jpg", "2"
"2019-11-07-151545_332.jpg", "2"
"2019-11-07-151545_333.jpg", "2"
"2019-11-07-151545_334.jpg", "2"
"2019-11-07-151545_335.jpg", "2"
"2019-11-07-151545_336.jpg", "2"
"2019-11-07-151545_337.jpg", "2"
"2019-11-07-151545_338.jpg", "2"
"2019-11-07-151545_339.jpg", "2"
"2019-11-07-151545_340.jpg", "2"
"2019-11-07-151545_341.jpg", "2"
"2019-11-07-151545_342.jpg", "2"
"2019-11-07-151545_343.jpg", "2"
"2019-11-07-151545_344.jpg", "2"
"2019-11-07-151545_345.jpg", "2"
"2019-11-07-151545_346.jpg", "2"
"2019-11-07-151545_347.jpg", "2"
"2019-11-07-151545_348.jpg", "2"
"2019-11-07-151545_349.jpg", "2"
"2019-11-07-151545_350.jpg", "2"
"2019-11-07-151545_351.jpg", "2"
"2019-11-07-151545_352.jpg", "2"
"2019-11-07-151545_353.jpg", "2"
"2019-11-07-151545_354.jpg", "2"
"2019-11-07-151545_355.jpg", "2"
"2019-11-07-151545_356.jpg", "2"
"2019-11-07-151545_357.jpg", "2"
"2019-11-07-151545_358.jpg", "2"
"2019-11-07-151545_359.jpg", "2"
"2019-11-07-151545_360.jpg", "2"
"2019-11-07-151545_361.jpg", "2"
"2019-11-07-151545_362.jpg", "2"
"2019-11-07-151545_363.jpg", "2"
"2019-11-07-151545_364.jpg", "2"
"2019-11-07-151545_365.jpg", "2"
"2019-11-07-151545_366.jpg", "2"
"2019-11-07-151545_367.jpg", "2"
"2019-11-07-151545_368.jpg", "2"
"2019-11-07-151545_369.jpg", "2"
"2019-11-07-151545_370.jpg", "2"
"2019-11-07-151545_371.jpg", "2"
"2019-11-07-151545_372.jpg", "2"
"2019-11-07-151545_373.jpg", "2"
"2019-11-07-151545_374.jpg", "2"
"2019-11-07-151545_375.jpg", "2"
"2019-11-07-151545_376.jpg", "2"
"2019-11-07-151545_377.jpg", "2"
"2019-11-07-151545_378.jpg", "2"
"2019-11-07-151545_379.jpg", "2"
"2019-11-07-151545_380.jpg", "2"
"2019-11-07-151545_381.jpg", "2"
"2019-11-07-151545_382.jpg", "2"
"2019-11-07-151545_383.jpg", "2"
"2019-11-07-151545_384.jpg", "2"
"2019-11-07-151545_385.jpg", "2"
"2019-11-07-151545_386.jpg", "2"
"2019-11-07-151545_387.jpg", "2"
"2019-11-07-151545_388.jpg", "2"
"2019-11-07-151545_389.jpg", "2"
"2019-11-07-151545_390.jpg", "2"
"2019-11-07-151545_391.jpg", "2"
"2019-11-07-151545_392.jpg", "2"
"2019-11-07-151545_393.jpg", "2"
"2019-11-07-151545_394.jpg", "2"
"2019-11-07-151545_395.jpg", "2"
"2019-11-07-151545_396.jpg", "2"
"2019-11-07-151545_397.jpg", "2"
"2019-11-07-151545_398.jpg", "2"
"2019-11-07-151545_399.jpg", "2"
"2019-11-07-151545_400.jpg", "2"
"2019-11-07-151545_401.jpg", "2"
"2019-11-07-151545_402.jpg", "2"
"2019-11-07-151545_403.jpg", "2"
"2019-11-07-151545_404.jpg", "2"
"2019-11-07-151545_405.jpg", "2"
"2019-11-07-151545_406.jpg", "2"
"2019-11-07-151545_407.jpg", "2"
"2019-11-07-151545_408.jpg", "2"
"2019-11-07-151545_409.jpg", "2"
"2019-11-07-151545_410.jpg", "2"
"2019-11-07-151545_411.jpg", "2"
"2019-11-07-151545_412.jpg", "2"
"2019-11-07-151545_413.jpg", "2"
"2019-11-07-151545_414.jpg", "2"
"2019-11-07-151545_415.jpg", "2"
"2019-11-07-151545_416.jpg", "2"
"2019-11-07-151545_417.jpg", "2"
"2019-11-07-151545_418.jpg", "2"
"2019-11-07-151545_419.jpg", "2"
"2019-11-07-151545_420.jpg", "2"
"2019-11-07-151545_421.jpg", "2"
"2019-11-07-151545_422.jpg", "2"
"2019-11-07-151545_423.jpg", "2"
"2019-11-07-151545_424.jpg", "2"
"2019-11-07-151545_425.jpg", "2"
"2019-11-07-151545_426.jpg", "2"
"2019-11-07-151545_427.jpg", "2"
"2019-11-07-151545_428.jpg", "2"
"2019-11-07-151545_429.jpg", "2"
"2019-11-07-151545_430.jpg", "2"
"2019-11-07-151545_431.jpg", "2"
"2019-11-07-151545_432.jpg", "2"
"2019-11-07-151545_433.jpg", "2"
"2019-11-07-151545_434.jpg", "2"
"2019-11-07-151545_435.jpg", "2"
"2019-11-07-151545_436.jpg", "2"
"2019-11-07-151545_437.jpg", "2"
"2019-11-07-151545_438.jpg", "2"
"2019-11-07-151545_439.jpg", "2"
"2019-11-07-151545_440.jpg", "2"
"2019-11-07-151545_441.jpg", "2"
"2019-11-07-151545_442.jpg", "2"
"2019-11-07-151545_443.jpg", "2"
"2019-11-07-151545_444.jpg", "2"
"2019-11-07-151545_445.jpg", "2"
"2019-11-07-151545_446.jpg", "2"
"2019-11-07-151545_447.jpg", "2"
"2019-11-07-151545_448.jpg", "2"
"2019-11-07-151545_449.jpg", "2"
"2019-11-07-151545_450.jpg", "2"
"2019-11-07-151545_451.jpg", "2"
"2019-11-07-151545_452.jpg", "2"
"2019-11-07-151545_453.jpg", "2"
"2019-11-07-151545_454.jpg", "2"
"2019-11-07-151545_455.jpg", "2"
"2019-11-07-151545_456.jpg", "2"
"2019-11-07-151545_457.jpg", "2"
"2019-11-07-151545_458.jpg", "2"
"2019-11-07-151545_459.jpg", "2"
"2019-11-07-151545_460.jpg", "2"
"2019-11-07-151545_461.jpg", "2"
"2019-11-07-151545_462.jpg", "2"
"2019-11-07-151545_463.jpg", "2"
"2019-11-07-151545_464.jpg", "2"
"2019-11-07-151545_465.jpg", "2"
"2019-11-07-151545_466.jpg", "2"
"2019-11-07-151545_467.jpg", "2"
"2019-11-07-151545_468.jpg", "2"
"2019-11-07-151545_469.jpg", "2"
"2019-11-07-151545_470.jpg", "2"
"2019-11-07-151545_471.jpg", "2"
"2019-11-07-151545_472.jpg", "2"
"2019-11-07-151545_473.jpg", "2"
"2019-11-07-151545_474.jpg", "2"
"2019-11-07-151545_475.jpg", "2"
"2019-11-07-151545_476.jpg", "2"
"2019-11-07-151545_477.jpg", "2"
"2019-11-07-151545_478.jpg", "2"
"2019-11-07-151545_479.jpg", "2"
"2019-11-07-151545_480.jpg", "2"
"2019-11-07-151545_481.jpg", "2"
"2019-11-07-151545_482.jpg", "2"
"2019-11-07-151545_483.jpg", "2"
"2019-11-07-151545_484.jpg", "2"
"2019-11-07-151545_485.jpg", "2"
"2019-11-07-151545_486.jpg", "2"
"2019-11-07-151545_487.jpg", "2"
"2019-11-07-151545_488.jpg", "2"
"2019-11-07-151545_489.jpg", "2"
"2019-11-07-151545_490.jpg", "2"
"2019-11-07-151545_491.jpg", "2"
"2019-11-07-151545_492.jpg", "2"
"2019-11-07-151545_493.jpg", "2"
"2019-11-07-151545_494.jpg", "2"
"2019-11-07-151545_495.jpg", "2"
"2019-11-07-151545_496.jpg", "2"
"2019-11-07-151545_497.jpg", "2"
"2019-11-07-151545_498.jpg", "2"
"2019-11-07-151545_499.jpg", "2"
"2019-11-07-151545_500.jpg", "2"
"2019-11-07-151545_501.jpg", "2"
"2019-11-07-151545_502.jpg", "2"
"2019-11-07-151545_503.jpg", "2"
"2019-11-07-151545_504.jpg", "2"
"2019-11-07-151545_505.jpg", "2"
"2019-11-07-151545_506.jpg", "2"
"2019-11-07-151545_507.jpg", "2"
"2019-11-07-151545_508.jpg", "2"
"2019-11-07-151545_509.jpg", "2"
"2019-11-07-151545_510.jpg", "2"
"2019-11-07-151545_511.jpg", "2"
"2019-11-07-151545_512.jpg", "2"
"2019-11-07-151545_513.jpg", "2"
"2019-11-07-151545_514.jpg", "2"
"2019-11-07-151545_515.jpg", "2"
"2019-11-07-151545_516.jpg", "2"
"2019-11-07-151545_517.jpg", "2"
"2019-11-07-151545_518.jpg", "2"
"2019-11-07-151545_519.jpg", "2"
"2019-11-07-151545_520.jpg", "2"
"2019-11-07-151545_521.jpg", "2"
"2019-11-07-151545_522.jpg", "2"
"2019-11-07-151545_523.jpg", "2"
"2019-11-07-151545_524.jpg", "2"
"2019-11-07-151545_525.jpg", "2"
"2019-11-07-151545_526.jpg", "2"
"2019-11-07-151545_527.jpg", "2"
"2019-11-07-151545_528.jpg", "2"
"2019-11-07-151545_529.jpg", "2"
"2019-11-07-151545_530.jpg", "2"
"2019-11-07-151545_531.jpg", "2"
"2019-11-07-151545_532.jpg", "2"
"2019-11-07-151545_533.jpg", "2"
"2019-11-07-151545_534.jpg", "2"
"2019-11-07-151545_535.jpg", "2"
"2019-11-07-151545_536.jpg", "2"
"2019-11-07-151545_537.jpg", "2"
"2019-11-07-151545_538.jpg", "2"
"2019-11-07-151545_539.jpg", "2"
"2019-11-07-151545_540.jpg", "2"
"2019-11-07-151545_541.jpg", "2"
"2019-11-07-151545_542.jpg", "2"
"2019-11-07-151545_543.jpg", "2"
"2019-11-07-151545_544.jpg", "2"
"2019-11-07-151545_545.jpg", "2"
"2019-11-07-151545_546.jpg", "2"
"2019-11-07-151545_547.jpg", "2"
"2019-11-07-151545_548.jpg", "2"
"2019-11-07-151545_549.jpg", "2"
"2019-11-07-151545_550.jpg", "2"
"2019-11-07-151545_551.jpg", "2"
"2019-11-07-151545_552.jpg", "2"
"2019-11-07-151545_553.jpg", "2"
"2019-11-07-151545_554.jpg", "2"
"2019-11-07-151545_555.jpg", "2"
"2019-11-07-151545_556.jpg", "2"
"2019-11-07-151545_557.jpg", "2"
"2019-11-07-151545_558.jpg", "2"
"2019-11-07-151545_559.jpg", "2"
"2019-11-07-151545_560.jpg", "2"
"2019-11-07-151545_561.jpg", "2"
"2019-11-07-151545_562.jpg", "2"
"2019-11-07-151545_563.jpg", "2"
"2019-11-07-151545_564.jpg", "2"
"2019-11-07-151545_565.jpg", "2"
"2019-11-07-151545_566.jpg", "2"
"2019-11-07-151545_567.jpg", "2"
"2019-11-07-151545_568.jpg", "2"
"2019-11-07-151545_569.jpg", "2"
"2019-11-07-151545_570.jpg", "2"
"2019-11-07-151545_571.jpg", "2"
"2019-11-07-151545_572.jpg", "2"
"2019-11-07-151545_573.jpg", "2"
"2019-11-07-151545_574.jpg", "2"
"2019-11-07-151545_575.jpg", "2"
"2019-11-07-151545_576.jpg", "2"
"2019-11-07-151545_577.jpg", "2"
"2019-11-07-151545_578.jpg", "2"
"2019-11-07-151545_579.jpg", "2"
"2019-11-07-151545_580.jpg", "2"
"2019-11-07-151545_581.jpg", "2"
"2019-11-07-151545_582.jpg", "2"
"2019-11-07-151545_583.jpg", "2"
"2019-11-07-151545_584.jpg", "2"
"2019-11-07-151545_585.jpg", "2"
"2019-11-07-151545_586.jpg", "2"
"2019-11-07-151545_587.jpg", "2"
"2019-11-07-151545_588.jpg", "2"
"2019-11-07-151545_589.jpg", "2"
"2019-11-07-151545_590.jpg", "2"
"2019-11-07-151545_591.jpg", "2"
"2019-11-07-151545_592.jpg", "2"
"2019-11-07-151545_593.jpg", "2"
"2019-11-07-151545_594.jpg", "2"
"2019-11-07-151545_595.jpg", "2"
"2019-11-07-151545_596.jpg", "2"
"2019-11-07-151545_597.jpg", "2"
"2019-11-07-151545_598.jpg", "2"
"2019-11-07-151545_599.jpg", "2"
"2019-11-07-151545_600.jpg", "2"
"2019-11-07-151545_601.jpg", "2"
"2019-11-07-151545_602.jpg", "2"
"2019-11-07-151545_603.jpg", "2"
"2019-11-07-151545_604.jpg", "2"
"2019-11-07-151545_605.jpg", "2"
"2019-11-07-151545_606.jpg", "2"
"2019-11-07-151545_607.jpg", "2"
"2019-11-07-151545_608.jpg", "2"
"2019-11-07-151545_609.jpg", "2"
"2019-11-07-151545_610.jpg", "2"
"2019-11-07-151545_611.jpg", "2"
"2019-11-07-151545_612.jpg", "2"
"2019-11-07-151545_613.jpg", "2"
"2019-11-07-151545_614.jpg", "2"
"2019-11-07-151545_615.jpg", "2"
"2019-11-07-151545_616.jpg", "2"
"2019-11-07-151545_617.jpg", "2"
"2019-11-07-151545_618.jpg", "2"
"2019-11-07-151545_619.jpg", "2"
"2019-11-07-151545_620.jpg", "2"
"2019-11-07-151545_621.jpg", "2"
"2019-11-07-151545_622.jpg", "2"
"2019-11-07-151545_623.jpg", "2"
"2019-11-07-151545_624.jpg", "2"
"2019-11-07-151545_625.jpg", "2"
"2019-11-07-151545_626.jpg", "2"
"2019-11-07-151545_627.jpg", "2"
"2019-11-07-151545_628.jpg", "2"
"2019-11-07-151545_629.jpg", "2"
"2019-11-07-151545_630.jpg", "2"
"2019-11-07-151545_631.jpg", "2"
"2019-11-07-151545_632.jpg", "2"
"2019-11-07-151545_633.jpg", "2"
"2019-11-07-151545_634.jpg", "2"
"2019-11-07-151545_635.jpg", "2"
"2019-11-07-151545_636.jpg", "2"
"2019-11-07-151545_637.jpg", "2"
"2019-11-07-151545_638.jpg", "2"
"2019-11-07-151545_639.jpg", "2"
"2019-11-07-151545_640.jpg", "2"
"2019-11-07-151545_641.jpg", "2"
"2019-11-07-151545_642.jpg", "2"
"2019-11-07-151545_643.jpg", "2"
"2019-11-07-151545_644.jpg", "2"
"2019-11-07-151545_645.jpg", "2"
"2019-11-07-151545_646.jpg", "2"
"2019-11-07-151545_647.jpg", "2"
"2019-11-07-151545_648.jpg", "2"
"2019-11-07-151545_649.jpg", "2"
"2019-11-07-151545_650.jpg", "2"
"2019-11-07-151545_651.jpg", "2"
"2019-11-07-151545_652.jpg", "2"
"2019-11-07-151545_653.jpg", "2"
"2019-11-07-151545_654.jpg", "2"
"2019-11-07-151545_655.jpg", "2"
"2019-11-07-151545_656.jpg", "2"
"2019-11-07-151545_657.jpg", "2"
"2019-11-07-151545_658.jpg", "2"
"2019-11-07-151545_659.jpg", "2"
"2019-11-07-151545_660.jpg", "2"
"2019-11-07-151545_661.jpg", "2"
"2019-11-07-151545_662.jpg", "2"
"2019-11-07-151545_663.jpg", "2"
"2019-11-07-151545_664.jpg", "2"
"2019-11-07-151545_665.jpg", "2"
"2019-11-07-151545_666.jpg", "2"
"2019-11-07-151545_667.jpg", "2"
"2019-11-07-151545_668.jpg", "2"
"2019-11-07-151545_669.jpg", "2"
"2019-11-07-151545_670.jpg", "2"
"2019-11-07-151545_671.jpg", "2"
"2019-11-07-151545_672.jpg", "2"
"2019-11-07-151545_673.jpg", "2"
"2019-11-07-151545_674.jpg", "2"
"2019-11-07-151545_675.jpg", "2"
"2019-11-07-151545_676.jpg", "2"
"2019-11-07-151545_677.jpg", "2"
"2019-11-07-151545_678.jpg", "2"
"2019-11-07-151545_679.jpg", "2"
"2019-11-07-151545_680.jpg", "2"
"2019-11-07-151545_681.jpg", "2"
"2019-11-07-151545_682.jpg", "2"
"2019-11-07-151545_683.jpg", "2"
"2019-11-07-151545_684.jpg", "2"
"2019-11-07-151545_685.jpg", "2"
"2019-11-07-151545_686.jpg", "2"
"2019-11-07-151545_687.jpg", "2"
"2019-11-07-151545_688.jpg", "2"
"2019-11-07-151545_689.jpg", "2"
"2019-11-07-151545_827.jpg", "2"
"2019-11-07-151545_828.jpg", "2"
"2019-11-07-151545_829.jpg", "2"
"2019-11-07-151545_830.jpg", "2"
"2019-11-07-151545_831.jpg", "2"
"2019-11-07-151545_832.jpg", "2"
"2019-11-07-151545_833.jpg", "2"
"2019-11-07-151545_834.jpg", "2"
"2019-11-07-151545_835.jpg", "2"
"2019-11-07-151545_836.jpg", "2"
"2019-11-07-151545_837.jpg", "2"
"2019-11-07-151545_838.jpg", "2"
"2019-11-07-151545_839.jpg", "2"
"2019-11-07-151545_840.jpg", "2"
"2019-11-07-151545_841.jpg", "2"
"2019-11-07-151545_842.jpg", "2"
"2019-11-07-151545_843.jpg", "2"
"2019-11-07-151545_844.jpg", "2"
"2019-11-07-151545_845.jpg", "2"
"2019-11-07-151545_846.jpg", "2"
"2019-11-07-151545_847.jpg", "2"
"2019-11-07-151545_848.jpg", "2"
"2019-11-07-151545_849.jpg", "2"
"2019-11-07-151545_850.jpg", "2"
"2019-11-07-151545_851.jpg", "2"
"2019-11-07-151545_852.jpg", "2"
"2019-11-07-151545_853.jpg", "2"
"2019-11-07-151545_854.jpg", "2"
"2019-11-07-151545_855.jpg", "2"
"2019-11-07-151545_856.jpg", "2"
"2019-11-07-151545_857.jpg", "2"
"2019-11-07-151545_858.jpg", "2"
"2019-11-07-151545_859.jpg", "2"
"2019-11-07-151545_860.jpg", "2"
"2019-11-07-151545_861.jpg", "2"
"2019-11-07-151545_862.jpg", "2"
"2019-11-07-151545_863.jpg", "2"
"2019-11-07-151545_864.jpg", "2"
"2019-11-07-151545_865.jpg", "2"
"2019-11-07-151545_866.jpg", "2"
"2019-11-07-151545_867.jpg", "2"
"2019-11-07-151545_868.jpg", "2"
"2019-11-07-151545_869.jpg", "2"
"2019-11-07-151545_870.jpg", "2"
"2019-11-07-151545_871.jpg", "2"
"2019-11-07-151545_872.jpg", "2"
"2019-11-07-151545_873.jpg", "2"
"2019-11-07-151545_874.jpg", "2"
"2019-11-07-151545_875.jpg", "2"
"2019-11-07-151545_876.jpg", "2"
"2019-11-07-151545_877.jpg", "2"
"2019-11-07-151545_878.jpg", "2"
"2019-11-07-151545_879.jpg", "2"
"2019-11-07-151545_880.jpg", "2"
"2019-11-07-151545_881.jpg", "2"
"2019-11-07-151545_882.jpg", "2"
"2019-11-07-151545_883.jpg", "2"
"2019-11-07-151545_884.jpg", "2"
"2019-11-07-151545_885.jpg", "2"
"2019-11-07-151545_886.jpg", "2"
"2019-11-07-151545_887.jpg", "2"
"2019-11-07-151545_888.jpg", "2"
"2019-11-07-151545_889.jpg", "2"
"2019-11-07-151545_890.jpg", "2"
"2019-11-07-151545_891.jpg", "2"
"2019-11-07-151545_892.jpg", "2"
"2019-11-07-151545_893.jpg", "2"
"2019-11-07-151545_894.jpg", "2"
"2019-11-07-151545_895.jpg", "2"
"2019-11-07-151545_896.jpg", "2"
"2019-11-07-151545_897.jpg", "2"
"2019-11-07-151545_898.jpg", "2"
"2019-11-07-151545_899.jpg", "2"
"2019-11-07-151545_900.jpg", "2"
"2019-11-07-151545_901.jpg", "2"
"2019-11-07-151545_902.jpg", "2"
"2019-11-07-151545_903.jpg", "2"
"2019-11-07-151545_904.jpg", "2"
"2019-11-07-151545_905.jpg", "2"
"2019-11-07-151545_906.jpg", "2"
"2019-11-07-151545_907.jpg", "2"
"2019-11-07-151545_908.jpg", "2"
"2019-11-07-151545_909.jpg", "2"
"2019-11-07-151545_910.jpg", "2"
"2019-11-07-151545_911.jpg", "2"
"2019-11-07-151545_912.jpg", "2"
"2019-11-07-151545_913.jpg", "2"
"2019-11-07-151545_914.jpg", "2"
"2019-11-07-151545_915.jpg", "2"
"2019-11-07-151545_916.jpg", "2"
"2019-11-07-151545_917.jpg", "2"
"2019-11-07-151545_918.jpg", "2"
"2019-11-07-151545_919.jpg", "2"
"2019-11-07-151545_920.jpg", "2"
"2019-11-07-151545_921.jpg", "2"
"2019-11-07-151545_922.jpg", "2"
"2019-11-07-151545_923.jpg", "2"
"2019-11-07-151545_924.jpg", "2"
"2019-11-07-151545_925.jpg", "2"
"2019-11-07-151545_926.jpg", "2"
"2019-11-07-151545_927.jpg", "2"
"2019-11-07-151545_928.jpg", "2"
"2019-11-07-151545_929.jpg", "2"
"2019-11-07-151545_930.jpg", "2"
"2019-11-07-151545_931.jpg", "2"
"2019-11-07-151545_932.jpg", "2"
"2019-11-07-151545_933.jpg", "2"
"2019-11-07-151545_934.jpg", "2"
"2019-11-07-151545_935.jpg", "2"
"2019-11-07-151545_936.jpg", "2"
"2019-11-07-151545_937.jpg", "2"
"2019-11-07-151545_938.jpg", "2"
"2019-11-07-151545_939.jpg", "2"
"2019-11-07-151545_940.jpg", "2"
"2019-11-07-151545_941.jpg", "2"
"2019-11-07-151545_942.jpg", "2"
"2019-11-07-151545_943.jpg", "2"
"2019-11-07-151545_944.jpg", "2"
"2019-11-07-151545_945.jpg", "2"
"2019-11-07-151545_946.jpg", "2"
"2019-11-07-151545_947.jpg", "2"
"2019-11-07-151545_948.jpg", "2"
"2019-11-07-151545_949.jpg", "2"
"2019-11-07-151545_950.jpg", "2"
"2019-11-07-151545_951.jpg", "2"
"2019-11-07-151545_952.jpg", "2"
"2019-11-07-151545_953.jpg", "2"
"2019-11-07-151545_954.jpg", "2"
"2019-11-07-151545_955.jpg", "2"
"2019-11-07-151545_956.jpg", "2"
"2019-11-07-151545_957.jpg", "2"
"2019-11-07-151545_958.jpg", "2"
"2019-11-07-151545_959.jpg", "2"
"2019-11-07-151545_960.jpg", "2"
"2019-11-07-151545_961.jpg", "2"
"2019-11-07-151545_962.jpg", "2"
"2019-11-07-151545_963.jpg", "2"
"2019-11-07-151545_964.jpg", "2"
"2019-11-07-151545_965.jpg", "2"
"2019-11-07-151545_966.jpg", "2"
"2019-11-07-151545_967.jpg", "2"
"2019-11-07-151545_968.jpg", "2"
"2019-11-07-151545_969.jpg", "2"
"2019-11-07-151545_970.jpg", "2"
"2019-11-07-151545_971.jpg", "2"
"2019-11-07-151545_972.jpg", "2"
"2019-11-07-151545_973.jpg", "2"
"2019-11-07-151545_974.jpg", "2"
"2019-11-07-151545_975.jpg", "2"
"2019-11-07-151545_976.jpg", "2"
"2019-11-07-151545_977.jpg", "2"
"2019-11-07-151545_978.jpg", "2"
"2019-11-07-151545_979.jpg", "2"
"2019-11-07-151545_980.jpg", "2"
"2019-11-07-151545_981.jpg", "2"
"2019-11-07-151545_982.jpg", "2"
"2019-11-07-151545_983.jpg", "2"
"2019-11-07-151545_984.jpg", "2"
"2019-11-07-151545_985.jpg", "2"
"2019-11-07-151545_986.jpg", "2"
"2019-11-07-151545_987.jpg", "2"
"2019-11-07-151545_988.jpg", "2"
"2019-11-07-151545_989.jpg", "2"
"2019-11-07-151545_990.jpg", "2"
"2019-11-07-151545_991.jpg", "2"
"2019-11-07-151545_992.jpg", "2"
"2019-11-07-151545_993.jpg", "2"
"2019-11-07-151545_994.jpg", "2"
"2019-11-07-151545_995.jpg", "2"
"2019-11-07-151545_996.jpg", "2"
"2019-11-07-151545_997.jpg", "2"
"2019-11-07-151545_998.jpg", "2"
"2019-11-07-151545_999.jpg", "2"
"2019-11-07-152050_100.jpg", "2"
"2019-11-07-152050_101.jpg", "2"
"2019-11-07-152050_102.jpg", "2"
"2019-11-07-152050_103.jpg", "2"
"2019-11-07-152050_104.jpg", "2"
"2019-11-07-152050_105.jpg", "2"
"2019-11-07-152050_106.jpg", "2"
"2019-11-07-152050_107.jpg", "2"
"2019-11-07-152050_108.jpg", "2"
"2019-11-07-152050_109.jpg", "2"
"2019-11-07-152050_110.jpg", "2"
"2019-11-07-152050_111.jpg", "2"
"2019-11-07-152050_112.jpg", "2"
"2019-11-07-152050_1149.jpg", "2"
"2019-11-07-152050_1150.jpg", "2"
"2019-11-07-152050_1151.jpg", "2"
"2019-11-07-152050_1152.jpg", "2"
"2019-11-07-152050_1153.jpg", "2"
"2019-11-07-152050_1154.jpg", "2"
"2019-11-07-152050_1155.jpg", "2"
"2019-11-07-152050_1156.jpg", "2"
"2019-11-07-152050_1157.jpg", "2"
"2019-11-07-152050_1158.jpg", "2"
"2019-11-07-152050_1159.jpg", "2"
"2019-11-07-152050_1160.jpg", "2"
"2019-11-07-152050_1161.jpg", "2"
"2019-11-07-152050_1162.jpg", "2"
"2019-11-07-152050_1163.jpg", "2"
"2019-11-07-152050_1164.jpg", "2"
"2019-11-07-152050_1165.jpg", "2"
"2019-11-07-152050_1166.jpg", "2"
"2019-11-07-152050_1167.jpg", "2"
"2019-11-07-152050_1168.jpg", "2"
"2019-11-07-152050_1169.jpg", "2"
"2019-11-07-152050_1170.jpg", "2"
"2019-11-07-152050_1171.jpg", "2"
"2019-11-07-152050_1172.jpg", "2"
"2019-11-07-152050_1173.jpg", "2"
"2019-11-07-152050_1174.jpg", "2"
"2019-11-07-152050_1175.jpg", "2"
"2019-11-07-152050_1176.jpg", "2"
"2019-11-07-152050_1177.jpg", "2"
"2019-11-07-152050_1178.jpg", "2"
"2019-11-07-152050_1179.jpg", "2"
"2019-11-07-152050_1180.jpg", "2"
"2019-11-07-152050_1181.jpg", "2"
"2019-11-07-152050_1182.jpg", "2"
"2019-11-07-152050_1183.jpg", "2"
"2019-11-07-152050_1184.jpg", "2"
"2019-11-07-152050_1185.jpg", "2"
"2019-11-07-152050_1186.jpg", "2"
"2019-11-07-152050_1187.jpg", "2"
"2019-11-07-152050_1188.jpg", "2"
"2019-11-07-152050_1189.jpg", "2"
"2019-11-07-152050_1190.jpg", "2"
"2019-11-07-152050_1191.jpg", "2"
"2019-11-07-152050_1192.jpg", "2"
"2019-11-07-152050_1193.jpg", "2"
"2019-11-07-152050_1194.jpg", "2"
"2019-11-07-152050_1195.jpg", "2"
"2019-11-07-152050_1196.jpg", "2"
"2019-11-07-152050_1197.jpg", "2"
"2019-11-07-152050_1198.jpg", "2"
"2019-11-07-152050_1199.jpg", "2"
"2019-11-07-152050_1200.jpg", "2"
"2019-11-07-152050_1201.jpg", "2"
"2019-11-07-152050_1202.jpg", "2"
"2019-11-07-152050_1203.jpg", "2"
"2019-11-07-152050_1204.jpg", "2"
"2019-11-07-152050_1205.jpg", "2"
"2019-11-07-152050_1206.jpg", "2"
"2019-11-07-152050_1207.jpg", "2"
"2019-11-07-152050_1208.jpg", "2"
"2019-11-07-152050_1209.jpg", "2"
"2019-11-07-152050_1210.jpg", "2"
"2019-11-07-152050_1211.jpg", "2"
"2019-11-07-152050_1212.jpg", "2"
"2019-11-07-152050_1213.jpg", "2"
"2019-11-07-152050_1214.jpg", "2"
"2019-11-07-152050_1215.jpg", "2"
"2019-11-07-152050_1216.jpg", "2"
"2019-11-07-152050_1217.jpg", "2"
"2019-11-07-152050_1218.jpg", "2"
"2019-11-07-152050_1219.jpg", "2"
"2019-11-07-152050_1220.jpg", "2"
"2019-11-07-152050_1221.jpg", "2"
"2019-11-07-152050_1222.jpg", "2"
"2019-11-07-152050_1223.jpg", "2"
"2019-11-07-152050_1224.jpg", "2"
"2019-11-07-152050_1225.jpg", "2"
"2019-11-07-152050_1226.jpg", "2"
"2019-11-07-152050_1227.jpg", "2"
"2019-11-07-152050_1228.jpg", "2"
"2019-11-07-152050_1229.jpg", "2"
"2019-11-07-152050_1230.jpg", "2"
"2019-11-07-152050_1231.jpg", "2"
"2019-11-07-152050_1232.jpg", "2"
"2019-11-07-152050_1233.jpg", "2"
"2019-11-07-152050_1234.jpg", "2"
"2019-11-07-152050_1235.jpg", "2"
"2019-11-07-152050_1236.jpg", "2"
"2019-11-07-152050_1237.jpg", "2"
"2019-11-07-152050_1238.jpg", "2"
"2019-11-07-152050_1239.jpg", "2"
"2019-11-07-152050_1240.jpg", "2"
"2019-11-07-152050_1241.jpg", "2"
"2019-11-07-152050_1242.jpg", "2"
"2019-11-07-152050_1243.jpg", "2"
"2019-11-07-152050_1244.jpg", "2"
"2019-11-07-152050_1245.jpg", "2"
"2019-11-07-152050_1246.jpg", "2"
"2019-11-07-152050_1247.jpg", "2"
"2019-11-07-152050_1248.jpg", "2"
"2019-11-07-152050_1249.jpg", "2"
"2019-11-07-152050_1250.jpg", "2"
"2019-11-07-152050_1251.jpg", "2"
"2019-11-07-152050_1252.jpg", "2"
"2019-11-07-152050_1253.jpg", "2"
"2019-11-07-152050_1254.jpg", "2"
"2019-11-07-152050_1255.jpg", "2"
"2019-11-07-152050_1256.jpg", "2"
"2019-11-07-152050_1257.jpg", "2"
"2019-11-07-152050_1258.jpg", "2"
"2019-11-07-152050_1259.jpg", "2"
"2019-11-07-152050_1260.jpg", "2"
"2019-11-07-152050_1261.jpg", "2"
"2019-11-07-152050_1262.jpg", "2"
"2019-11-07-152050_1263.jpg", "2"
"2019-11-07-152050_1264.jpg", "2"
"2019-11-07-152050_1265.jpg", "2"
"2019-11-07-152050_1266.jpg", "2"
"2019-11-07-152050_1267.jpg", "2"
"2019-11-07-152050_1268.jpg", "2"
"2019-11-07-152050_1269.jpg", "2"
"2019-11-07-152050_1270.jpg", "2"
"2019-11-07-152050_1271.jpg", "2"
"2019-11-07-152050_1272.jpg", "2"
"2019-11-07-152050_1273.jpg", "2"
"2019-11-07-152050_1274.jpg", "2"
"2019-11-07-152050_1275.jpg", "2"
"2019-11-07-152050_1276.jpg", "2"
"2019-11-07-152050_1277.jpg", "2"
"2019-11-07-152050_1278.jpg", "2"
"2019-11-07-152050_1279.jpg", "2"
"2019-11-07-152050_1280.jpg", "2"
"2019-11-07-152050_1281.jpg", "2"
"2019-11-07-152050_1282.jpg", "2"
"2019-11-07-152050_1283.jpg", "2"
"2019-11-07-152050_1284.jpg", "2"
"2019-11-07-152050_1285.jpg", "2"
"2019-11-07-152050_1286.jpg", "2"
"2019-11-07-152050_1287.jpg", "2"
"2019-11-07-152050_1288.jpg", "2"
"2019-11-07-152050_1289.jpg", "2"
"2019-11-07-152050_1290.jpg", "2"
"2019-11-07-152050_1291.jpg", "2"
"2019-11-07-152050_1292.jpg", "2"
"2019-11-07-152050_1293.jpg", "2"
"2019-11-07-152050_1294.jpg", "2"
"2019-11-07-152050_1295.jpg", "2"
"2019-11-07-152050_1296.jpg", "2"
"2019-11-07-152050_1297.jpg", "2"
"2019-11-07-152050_1298.jpg", "2"
"2019-11-07-152050_1299.jpg", "2"
"2019-11-07-152050_1300.jpg", "2"
"2019-11-07-152050_1301.jpg", "2"
"2019-11-07-152050_1302.jpg", "2"
"2019-11-07-152050_1303.jpg", "2"
"2019-11-07-152050_1304.jpg", "2"
"2019-11-07-152050_1305.jpg", "2"
"2019-11-07-152050_1306.jpg", "2"
"2019-11-07-152050_1307.jpg", "2"
"2019-11-07-152050_1308.jpg", "2"
"2019-11-07-152050_1309.jpg", "2"
"2019-11-07-152050_1310.jpg", "2"
"2019-11-07-152050_1311.jpg", "2"
"2019-11-07-152050_1312.jpg", "2"
"2019-11-07-152050_1313.jpg", "2"
"2019-11-07-152050_1314.jpg", "2"
"2019-11-07-152050_1315.jpg", "2"
"2019-11-07-152050_1316.jpg", "2"
"2019-11-07-152050_1317.jpg", "2"
"2019-11-07-152050_1318.jpg", "2"
"2019-11-07-152050_1319.jpg", "2"
"2019-11-07-152050_1320.jpg", "2"
"2019-11-07-152050_1321.jpg", "2"
"2019-11-07-152050_1322.jpg", "2"
"2019-11-07-152050_1323.jpg", "2"
"2019-11-07-152050_1324.jpg", "2"
"2019-11-07-152050_1325.jpg", "2"
"2019-11-07-152050_1326.jpg", "2"
"2019-11-07-152050_1327.jpg", "2"
"2019-11-07-152050_1328.jpg", "2"
"2019-11-07-152050_1329.jpg", "2"
"2019-11-07-152050_1330.jpg", "2"
"2019-11-07-152050_1331.jpg", "2"
"2019-11-07-152050_1332.jpg", "2"
"2019-11-07-152050_1333.jpg", "2"
"2019-11-07-152050_1334.jpg", "2"
"2019-11-07-152050_1335.jpg", "2"
"2019-11-07-152050_1336.jpg", "2"
"2019-11-07-152050_1337.jpg", "2"
"2019-11-07-152050_1338.jpg", "2"
"2019-11-07-152050_1339.jpg", "2"
"2019-11-07-152050_1340.jpg", "2"
"2019-11-07-152050_1341.jpg", "2"
"2019-11-07-152050_1342.jpg", "2"
"2019-11-07-152050_1343.jpg", "2"
"2019-11-07-152050_1344.jpg", "2"
"2019-11-07-152050_1345.jpg", "2"
"2019-11-07-152050_1346.jpg", "2"
"2019-11-07-152050_1347.jpg", "2"
"2019-11-07-152050_1348.jpg", "2"
"2019-11-07-152050_1349.jpg", "2"
"2019-11-07-152050_1350.jpg", "2"
"2019-11-07-152050_1351.jpg", "2"
"2019-11-07-152050_1352.jpg", "2"
"2019-11-07-152050_1353.jpg", "2"
"2019-11-07-152050_1354.jpg", "2"
"2019-11-07-152050_1355.jpg", "2"
"2019-11-07-152050_1356.jpg", "2"
"2019-11-07-152050_1357.jpg", "2"
"2019-11-07-152050_1358.jpg", "2"
"2019-11-07-152050_1359.jpg", "2"
"2019-11-07-152050_1360.jpg", "2"
"2019-11-07-152050_1361.jpg", "2"
"2019-11-07-152050_1362.jpg", "2"
"2019-11-07-152050_1363.jpg", "2"
"2019-11-07-152050_1364.jpg", "2"
"2019-11-07-152050_1365.jpg", "2"
"2019-11-07-152050_1366.jpg", "2"
"2019-11-07-152050_1367.jpg", "2"
"2019-11-07-152050_1428.jpg", "2"
"2019-11-07-152050_1429.jpg", "2"
"2019-11-07-152050_1430.jpg", "2"
"2019-11-07-152050_1431.jpg", "2"
"2019-11-07-152050_1432.jpg", "2"
"2019-11-07-152050_1433.jpg", "2"
"2019-11-07-152050_1434.jpg", "2"
"2019-11-07-152050_1435.jpg", "2"
"2019-11-07-152050_1436.jpg", "2"
"2019-11-07-152050_1437.jpg", "2"
"2019-11-07-152050_1438.jpg", "2"
"2019-11-07-152050_1439.jpg", "2"
"2019-11-07-152050_1440.jpg", "2"
"2019-11-07-152050_1441.jpg", "2"
"2019-11-07-152050_1442.jpg", "2"
"2019-11-07-152050_1443.jpg", "2"
"2019-11-07-152050_1444.jpg", "2"
"2019-11-07-152050_1445.jpg", "2"
"2019-11-07-152050_1446.jpg", "2"
"2019-11-07-152050_1447.jpg", "2"
"2019-11-07-152050_1448.jpg", "2"
"2019-11-07-152050_1449.jpg", "2"
"2019-11-07-152050_1450.jpg", "2"
"2019-11-07-152050_1451.jpg", "2"
"2019-11-07-152050_1452.jpg", "2"
"2019-11-07-152050_1453.jpg", "2"
"2019-11-07-152050_1454.jpg", "2"
"2019-11-07-152050_1455.jpg", "2"
"2019-11-07-152050_1456.jpg", "2"
"2019-11-07-152050_1457.jpg", "2"
"2019-11-07-152050_1458.jpg", "2"
"2019-11-07-152050_1459.jpg", "2"
"2019-11-07-152050_1460.jpg", "2"
"2019-11-07-152050_1461.jpg", "2"
"2019-11-07-152050_1462.jpg", "2"
"2019-11-07-152050_1463.jpg", "2"
"2019-11-07-152050_1464.jpg", "2"
"2019-11-07-152050_1465.jpg", "2"
"2019-11-07-152050_179.jpg", "2"
"2019-11-07-152050_180.jpg", "2"
"2019-11-07-152050_181.jpg", "2"
"2019-11-07-152050_182.jpg", "2"
"2019-11-07-152050_183.jpg", "2"
"2019-11-07-152050_184.jpg", "2"
"2019-11-07-152050_185.jpg", "2"
"2019-11-07-152050_186.jpg", "2"
"2019-11-07-152050_187.jpg", "2"
"2019-11-07-152050_188.jpg", "2"
"2019-11-07-152050_189.jpg", "2"
"2019-11-07-152050_190.jpg", "2"
"2019-11-07-152050_191.jpg", "2"
"2019-11-07-152050_192.jpg", "2"
"2019-11-07-152050_193.jpg", "2"
"2019-11-07-152050_194.jpg", "2"
"2019-11-07-152050_195.jpg", "2"
"2019-11-07-152050_196.jpg", "2"
"2019-11-07-152050_197.jpg", "2"
"2019-11-07-152050_198.jpg", "2"
"2019-11-07-152050_199.jpg", "2"
"2019-11-07-152050_200.jpg", "2"
"2019-11-07-152050_201.jpg", "2"
"2019-11-07-152050_202.jpg", "2"
"2019-11-07-152050_203.jpg", "2"
"2019-11-07-152050_204.jpg", "2"
"2019-11-07-152050_205.jpg", "2"
"2019-11-07-152050_206.jpg", "2"
"2019-11-07-152050_207.jpg", "2"
"2019-11-07-152050_208.jpg", "2"
"2019-11-07-152050_209.jpg", "2"
"2019-11-07-152050_210.jpg", "2"
"2019-11-07-152050_211.jpg", "2"
"2019-11-07-152050_212.jpg", "2"
"2019-11-07-152050_358.jpg", "2"
"2019-11-07-152050_359.jpg", "2"
"2019-11-07-152050_360.jpg", "2"
"2019-11-07-152050_361.jpg", "2"
"2019-11-07-152050_362.jpg", "2"
"2019-11-07-152050_363.jpg", "2"
"2019-11-07-152050_364.jpg", "2"
"2019-11-07-152050_365.jpg", "2"
"2019-11-07-152050_366.jpg", "2"
"2019-11-07-152050_367.jpg", "2"
"2019-11-07-152050_368.jpg", "2"
"2019-11-07-152050_369.jpg", "2"
"2019-11-07-152050_370.jpg", "2"
"2019-11-07-152050_371.jpg", "2"
"2019-11-07-152050_372.jpg", "2"
"2019-11-07-152050_373.jpg", "2"
"2019-11-07-152050_374.jpg", "2"
"2019-11-07-152050_375.jpg", "2"
"2019-11-07-152050_376.jpg", "2"
"2019-11-07-152050_377.jpg", "2"
"2019-11-07-152050_378.jpg", "2"
"2019-11-07-152050_379.jpg", "2"
"2019-11-07-152050_380.jpg", "2"
"2019-11-07-152050_381.jpg", "2"
"2019-11-07-152050_382.jpg", "2"
"2019-11-07-152050_383.jpg", "2"
"2019-11-07-152050_384.jpg", "2"
"2019-11-07-152050_385.jpg", "2"
"2019-11-07-152050_386.jpg", "2"
"2019-11-07-152050_387.jpg", "2"
"2019-11-07-152050_388.jpg", "2"
"2019-11-07-152050_389.jpg", "2"
"2019-11-07-152050_390.jpg", "2"
"2019-11-07-152050_391.jpg", "2"
"2019-11-07-152050_392.jpg", "2"
"2019-11-07-152050_393.jpg", "2"
"2019-11-07-152050_394.jpg", "2"
"2019-11-07-152050_395.jpg", "2"
"2019-11-07-152050_396.jpg", "2"
"2019-11-07-152050_397.jpg", "2"
"2019-11-07-152050_398.jpg", "2"
"2019-11-07-152050_399.jpg", "2"
"2019-11-07-152050_400.jpg", "2"
"2019-11-07-152050_401.jpg", "2"
"2019-11-07-152050_402.jpg", "2"
"2019-11-07-152050_403.jpg", "2"
"2019-11-07-152050_404.jpg", "2"
"2019-11-07-152050_405.jpg", "2"
"2019-11-07-152050_406.jpg", "2"
"2019-11-07-152050_407.jpg", "2"
"2019-11-07-152050_408.jpg", "2"
"2019-11-07-152050_409.jpg", "2"
"2019-11-07-152050_410.jpg", "2"
"2019-11-07-152050_411.jpg", "2"
"2019-11-07-152050_412.jpg", "2"
"2019-11-07-152050_413.jpg", "2"
"2019-11-07-152050_414.jpg", "2"
"2019-11-07-152050_415.jpg", "2"
"2019-11-07-152050_416.jpg", "2"
"2019-11-07-152050_417.jpg", "2"
"2019-11-07-152050_418.jpg", "2"
"2019-11-07-152050_419.jpg", "2"
"2019-11-07-152050_437.jpg", "2"
"2019-11-07-152050_438.jpg", "2"
"2019-11-07-152050_439.jpg", "2"
"2019-11-07-152050_440.jpg", "2"
"2019-11-07-152050_441.jpg", "2"
"2019-11-07-152050_442.jpg", "2"
"2019-11-07-152050_443.jpg", "2"
"2019-11-07-152050_444.jpg", "2"
"2019-11-07-152050_445.jpg", "2"
"2019-11-07-152050_446.jpg", "2"
"2019-11-07-152050_447.jpg", "2"
"2019-11-07-152050_448.jpg", "2"
"2019-11-07-152050_449.jpg", "2"
"2019-11-07-152050_450.jpg", "2"
"2019-11-07-152050_451.jpg", "2"
"2019-11-07-152050_452.jpg", "2"
"2019-11-07-152050_470.jpg", "2"
"2019-11-07-152050_471.jpg", "2"
"2019-11-07-152050_472.jpg", "2"
"2019-11-07-152050_473.jpg", "2"
"2019-11-07-152050_474.jpg", "2"
"2019-11-07-152050_475.jpg", "2"
"2019-11-07-152050_476.jpg", "2"
"2019-11-07-152050_477.jpg", "2"
"2019-11-07-152050_478.jpg", "2"
"2019-11-07-152050_479.jpg", "2"
"2019-11-07-152050_480.jpg", "2"
"2019-11-07-152050_481.jpg", "2"
"2019-11-07-152050_482.jpg", "2"
"2019-11-07-152050_483.jpg", "2"
"2019-11-07-152050_484.jpg", "2"
"2019-11-07-152050_485.jpg", "2"
"2019-11-07-152050_49.jpg", "2"
"2019-11-07-152050_50.jpg", "2"
"2019-11-07-152050_51.jpg", "2"
"2019-11-07-152050_52.jpg", "2"
"2019-11-07-152050_53.jpg", "2"
"2019-11-07-152050_54.jpg", "2"
"2019-11-07-152050_55.jpg", "2"
"2019-11-07-152050_568.jpg", "2"
"2019-11-07-152050_569.jpg", "2"
"2019-11-07-152050_56.jpg", "2"
"2019-11-07-152050_570.jpg", "2"
"2019-11-07-152050_571.jpg", "2"
"2019-11-07-152050_572.jpg", "2"
"2019-11-07-152050_573.jpg", "2"
"2019-11-07-152050_574.jpg", "2"
"2019-11-07-152050_575.jpg", "2"
"2019-11-07-152050_576.jpg", "2"
"2019-11-07-152050_577.jpg", "2"
"2019-11-07-152050_578.jpg", "2"
"2019-11-07-152050_579.jpg", "2"
"2019-11-07-152050_57.jpg", "2"
"2019-11-07-152050_580.jpg", "2"
"2019-11-07-152050_581.jpg", "2"
"2019-11-07-152050_582.jpg", "2"
"2019-11-07-152050_583.jpg", "2"
"2019-11-07-152050_584.jpg", "2"
"2019-11-07-152050_585.jpg", "2"
"2019-11-07-152050_586.jpg", "2"
"2019-11-07-152050_587.jpg", "2"
"2019-11-07-152050_588.jpg", "2"
"2019-11-07-152050_589.jpg", "2"
"2019-11-07-152050_58.jpg", "2"
"2019-11-07-152050_590.jpg", "2"
"2019-11-07-152050_591.jpg", "2"
"2019-11-07-152050_592.jpg", "2"
"2019-11-07-152050_593.jpg", "2"
"2019-11-07-152050_594.jpg", "2"
"2019-11-07-152050_595.jpg", "2"
"2019-11-07-152050_596.jpg", "2"
"2019-11-07-152050_597.jpg", "2"
"2019-11-07-152050_598.jpg", "2"
"2019-11-07-152050_599.jpg", "2"
"2019-11-07-152050_59.jpg", "2"
"2019-11-07-152050_600.jpg", "2"
"2019-11-07-152050_601.jpg", "2"
"2019-11-07-152050_602.jpg", "2"
"2019-11-07-152050_603.jpg", "2"
"2019-11-07-152050_604.jpg", "2"
"2019-11-07-152050_605.jpg", "2"
"2019-11-07-152050_606.jpg", "2"
"2019-11-07-152050_607.jpg", "2"
"2019-11-07-152050_608.jpg", "2"
"2019-11-07-152050_609.jpg", "2"
"2019-11-07-152050_60.jpg", "2"
"2019-11-07-152050_610.jpg", "2"
"2019-11-07-152050_611.jpg", "2"
"2019-11-07-152050_612.jpg", "2"
"2019-11-07-152050_613.jpg", "2"
"2019-11-07-152050_614.jpg", "2"
"2019-11-07-152050_615.jpg", "2"
"2019-11-07-152050_616.jpg", "2"
"2019-11-07-152050_617.jpg", "2"
"2019-11-07-152050_618.jpg", "2"
"2019-11-07-152050_619.jpg", "2"
"2019-11-07-152050_61.jpg", "2"
"2019-11-07-152050_620.jpg", "2"
"2019-11-07-152050_621.jpg", "2"
"2019-11-07-152050_622.jpg", "2"
"2019-11-07-152050_623.jpg", "2"
"2019-11-07-152050_624.jpg", "2"
"2019-11-07-152050_625.jpg", "2"
"2019-11-07-152050_626.jpg", "2"
"2019-11-07-152050_627.jpg", "2"
"2019-11-07-152050_628.jpg", "2"
"2019-11-07-152050_629.jpg", "2"
"2019-11-07-152050_62.jpg", "2"
"2019-11-07-152050_630.jpg", "2"
"2019-11-07-152050_631.jpg", "2"
"2019-11-07-152050_632.jpg", "2"
"2019-11-07-152050_633.jpg", "2"
"2019-11-07-152050_634.jpg", "2"
"2019-11-07-152050_635.jpg", "2"
"2019-11-07-152050_636.jpg", "2"
"2019-11-07-152050_637.jpg", "2"
"2019-11-07-152050_638.jpg", "2"
"2019-11-07-152050_639.jpg", "2"
"2019-11-07-152050_63.jpg", "2"
"2019-11-07-152050_640.jpg", "2"
"2019-11-07-152050_641.jpg", "2"
"2019-11-07-152050_642.jpg", "2"
"2019-11-07-152050_643.jpg", "2"
"2019-11-07-152050_644.jpg", "2"
"2019-11-07-152050_645.jpg", "2"
"2019-11-07-152050_646.jpg", "2"
"2019-11-07-152050_647.jpg", "2"
"2019-11-07-152050_648.jpg", "2"
"2019-11-07-152050_649.jpg", "2"
"2019-11-07-152050_64.jpg", "2"
"2019-11-07-152050_650.jpg", "2"
"2019-11-07-152050_651.jpg", "2"
"2019-11-07-152050_652.jpg", "2"
"2019-11-07-152050_653.jpg", "2"
"2019-11-07-152050_654.jpg", "2"
"2019-11-07-152050_655.jpg", "2"
"2019-11-07-152050_656.jpg", "2"
"2019-11-07-152050_657.jpg", "2"
"2019-11-07-152050_658.jpg", "2"
"2019-11-07-152050_659.jpg", "2"
"2019-11-07-152050_65.jpg", "2"
"2019-11-07-152050_660.jpg", "2"
"2019-11-07-152050_661.jpg", "2"
"2019-11-07-152050_662.jpg", "2"
"2019-11-07-152050_663.jpg", "2"
"2019-11-07-152050_66.jpg", "2"
"2019-11-07-152050_67.jpg", "2"
"2019-11-07-152050_68.jpg", "2"
"2019-11-07-152050_697.jpg", "2"
"2019-11-07-152050_698.jpg", "2"
"2019-11-07-152050_699.jpg", "2"
"2019-11-07-152050_69.jpg", "2"
"2019-11-07-152050_700.jpg", "2"
"2019-11-07-152050_701.jpg", "2"
"2019-11-07-152050_702.jpg", "2"
"2019-11-07-152050_703.jpg", "2"
"2019-11-07-152050_704.jpg", "2"
"2019-11-07-152050_705.jpg", "2"
"2019-11-07-152050_706.jpg", "2"
"2019-11-07-152050_707.jpg", "2"
"2019-11-07-152050_708.jpg", "2"
"2019-11-07-152050_709.jpg", "2"
"2019-11-07-152050_70.jpg", "2"
"2019-11-07-152050_710.jpg", "2"
"2019-11-07-152050_711.jpg", "2"
"2019-11-07-152050_712.jpg", "2"
"2019-11-07-152050_71.jpg", "2"
"2019-11-07-152050_72.jpg", "2"
"2019-11-07-152050_73.jpg", "2"
"2019-11-07-152050_746.jpg", "2"
"2019-11-07-152050_747.jpg", "2"
"2019-11-07-152050_748.jpg", "2"
"2019-11-07-152050_749.jpg", "2"
"2019-11-07-152050_74.jpg", "2"
"2019-11-07-152050_750.jpg", "2"
"2019-11-07-152050_751.jpg", "2"
"2019-11-07-152050_752.jpg", "2"
"2019-11-07-152050_753.jpg", "2"
"2019-11-07-152050_754.jpg", "2"
"2019-11-07-152050_755.jpg", "2"
"2019-11-07-152050_756.jpg", "2"
"2019-11-07-152050_757.jpg", "2"
"2019-11-07-152050_758.jpg", "2"
"2019-11-07-152050_759.jpg", "2"
"2019-11-07-152050_75.jpg", "2"
"2019-11-07-152050_760.jpg", "2"
"2019-11-07-152050_761.jpg", "2"
"2019-11-07-152050_762.jpg", "2"
"2019-11-07-152050_763.jpg", "2"
"2019-11-07-152050_764.jpg", "2"
"2019-11-07-152050_765.jpg", "2"
"2019-11-07-152050_766.jpg", "2"
"2019-11-07-152050_767.jpg", "2"
"2019-11-07-152050_768.jpg", "2"
"2019-11-07-152050_769.jpg", "2"
"2019-11-07-152050_76.jpg", "2"
"2019-11-07-152050_770.jpg", "2"
"2019-11-07-152050_771.jpg", "2"
"2019-11-07-152050_772.jpg", "2"
"2019-11-07-152050_773.jpg", "2"
"2019-11-07-152050_774.jpg", "2"
"2019-11-07-152050_775.jpg", "2"
"2019-11-07-152050_776.jpg", "2"
"2019-11-07-152050_777.jpg", "2"
"2019-11-07-152050_778.jpg", "2"
"2019-11-07-152050_779.jpg", "2"
"2019-11-07-152050_77.jpg", "2"
"2019-11-07-152050_780.jpg", "2"
"2019-11-07-152050_781.jpg", "2"
"2019-11-07-152050_782.jpg", "2"
"2019-11-07-152050_783.jpg", "2"
"2019-11-07-152050_784.jpg", "2"
"2019-11-07-152050_785.jpg", "2"
"2019-11-07-152050_786.jpg", "2"
"2019-11-07-152050_787.jpg", "2"
"2019-11-07-152050_788.jpg", "2"
"2019-11-07-152050_789.jpg", "2"
"2019-11-07-152050_78.jpg", "2"
"2019-11-07-152050_790.jpg", "2"
"2019-11-07-152050_791.jpg", "2"
"2019-11-07-152050_792.jpg", "2"
"2019-11-07-152050_793.jpg", "2"
"2019-11-07-152050_794.jpg", "2"
"2019-11-07-152050_795.jpg", "2"
"2019-11-07-152050_796.jpg", "2"
"2019-11-07-152050_797.jpg", "2"
"2019-11-07-152050_798.jpg", "2"
"2019-11-07-152050_799.jpg", "2"
"2019-11-07-152050_79.jpg", "2"
"2019-11-07-152050_800.jpg", "2"
"2019-11-07-152050_801.jpg", "2"
"2019-11-07-152050_802.jpg", "2"
"2019-11-07-152050_803.jpg", "2"
"2019-11-07-152050_804.jpg", "2"
"2019-11-07-152050_805.jpg", "2"
"2019-11-07-152050_806.jpg", "2"
"2019-11-07-152050_807.jpg", "2"
"2019-11-07-152050_808.jpg", "2"
"2019-11-07-152050_809.jpg", "2"
"2019-11-07-152050_80.jpg", "2"
"2019-11-07-152050_810.jpg", "2"
"2019-11-07-152050_811.jpg", "2"
"2019-11-07-152050_812.jpg", "2"
"2019-11-07-152050_813.jpg", "2"
"2019-11-07-152050_814.jpg", "2"
"2019-11-07-152050_815.jpg", "2"
"2019-11-07-152050_816.jpg", "2"
"2019-11-07-152050_817.jpg", "2"
"2019-11-07-152050_81.jpg", "2"
"2019-11-07-152050_82.jpg", "2"
"2019-11-07-152050_83.jpg", "2"
"2019-11-07-152050_842.jpg", "2"
"2019-11-07-152050_843.jpg", "2"
"2019-11-07-152050_844.jpg", "2"
"2019-11-07-152050_845.jpg", "2"
"2019-11-07-152050_846.jpg", "2"
"2019-11-07-152050_847.jpg", "2"
"2019-11-07-152050_848.jpg", "2"
"2019-11-07-152050_849.jpg", "2"
"2019-11-07-152050_84.jpg", "2"
"2019-11-07-152050_850.jpg", "2"
"2019-11-07-152050_851.jpg", "2"
"2019-11-07-152050_852.jpg", "2"
"2019-11-07-152050_853.jpg", "2"
"2019-11-07-152050_854.jpg", "2"
"2019-11-07-152050_855.jpg", "2"
"2019-11-07-152050_856.jpg", "2"
"2019-11-07-152050_857.jpg", "2"
"2019-11-07-152050_858.jpg", "2"
"2019-11-07-152050_859.jpg", "2"
"2019-11-07-152050_85.jpg", "2"
"2019-11-07-152050_860.jpg", "2"
"2019-11-07-152050_861.jpg", "2"
"2019-11-07-152050_862.jpg", "2"
"2019-11-07-152050_863.jpg", "2"
"2019-11-07-152050_864.jpg", "2"
"2019-11-07-152050_865.jpg", "2"
"2019-11-07-152050_866.jpg", "2"
"2019-11-07-152050_867.jpg", "2"
"2019-11-07-152050_868.jpg", "2"
"2019-11-07-152050_869.jpg", "2"
"2019-11-07-152050_86.jpg", "2"
"2019-11-07-152050_870.jpg", "2"
"2019-11-07-152050_871.jpg", "2"
"2019-11-07-152050_872.jpg", "2"
"2019-11-07-152050_873.jpg", "2"
"2019-11-07-152050_874.jpg", "2"
"2019-11-07-152050_875.jpg", "2"
"2019-11-07-152050_876.jpg", "2"
"2019-11-07-152050_877.jpg", "2"
"2019-11-07-152050_878.jpg", "2"
"2019-11-07-152050_879.jpg", "2"
"2019-11-07-152050_87.jpg", "2"
"2019-11-07-152050_880.jpg", "2"
"2019-11-07-152050_881.jpg", "2"
"2019-11-07-152050_882.jpg", "2"
"2019-11-07-152050_88.jpg", "2"
"2019-11-07-152050_89.jpg", "2"
"2019-11-07-152050_90.jpg", "2"
"2019-11-07-152050_91.jpg", "2"
"2019-11-07-152050_92.jpg", "2"
"2019-11-07-152050_932.jpg", "2"
"2019-11-07-152050_933.jpg", "2"
"2019-11-07-152050_934.jpg", "2"
"2019-11-07-152050_935.jpg", "2"
"2019-11-07-152050_936.jpg", "2"
"2019-11-07-152050_937.jpg", "2"
"2019-11-07-152050_938.jpg", "2"
"2019-11-07-152050_939.jpg", "2"
"2019-11-07-152050_93.jpg", "2"
"2019-11-07-152050_940.jpg", "2"
"2019-11-07-152050_941.jpg", "2"
"2019-11-07-152050_942.jpg", "2"
"2019-11-07-152050_943.jpg", "2"
"2019-11-07-152050_944.jpg", "2"
"2019-11-07-152050_945.jpg", "2"
"2019-11-07-152050_946.jpg", "2"
"2019-11-07-152050_947.jpg", "2"
"2019-11-07-152050_948.jpg", "2"
"2019-11-07-152050_949.jpg", "2"
"2019-11-07-152050_94.jpg", "2"
"2019-11-07-152050_950.jpg", "2"
"2019-11-07-152050_951.jpg", "2"
"2019-11-07-152050_952.jpg", "2"
"2019-11-07-152050_953.jpg", "2"
"2019-11-07-152050_954.jpg", "2"
"2019-11-07-152050_955.jpg", "2"
"2019-11-07-152050_956.jpg", "2"
"2019-11-07-152050_957.jpg", "2"
"2019-11-07-152050_958.jpg", "2"
"2019-11-07-152050_959.jpg", "2"
"2019-11-07-152050_95.jpg", "2"
"2019-11-07-152050_960.jpg", "2"
"2019-11-07-152050_961.jpg", "2"
"2019-11-07-152050_962.jpg", "2"
"2019-11-07-152050_96.jpg", "2"
"2019-11-07-152050_97.jpg", "2"
"2019-11-07-152050_980.jpg", "2"
"2019-11-07-152050_981.jpg", "2"
"2019-11-07-152050_982.jpg", "2"
"2019-11-07-152050_983.jpg", "2"
"2019-11-07-152050_984.jpg", "2"
"2019-11-07-152050_985.jpg", "2"
"2019-11-07-152050_986.jpg", "2"
"2019-11-07-152050_987.jpg", "2"
"2019-11-07-152050_988.jpg", "2"
"2019-11-07-152050_989.jpg", "2"
"2019-11-07-152050_98.jpg", "2"
"2019-11-07-152050_990.jpg", "2"
"2019-11-07-152050_991.jpg", "2"
"2019-11-07-152050_992.jpg", "2"
"2019-11-07-152050_993.jpg", "2"
"2019-11-07-152050_994.jpg", "2"
"2019-11-07-152050_995.jpg", "2"
"2019-11-07-152050_99.jpg", "2"
